Facility_ID,Facility_Name,City,State,ER_Wait_Minutes
010001,SOUTHEAST HEALTH MEDICAL CENTER,DOTHAN,AL,208.0
010005,MARSHALL MEDICAL CENTERS,BOAZ,AL,137.0
010006,NORTH ALABAMA MEDICAL CENTER,FLORENCE,AL,146.0
010007,MIZELL MEMORIAL HOSPITAL,OPP,AL,121.0
010008,CRENSHAW COMMUNITY HOSPITAL,LUVERNE,AL,109.0
010011,ST. VINCENT'S EAST,BIRMINGHAM,AL,158.0
010012,DEKALB REGIONAL MEDICAL CENTER,FORT PAYNE,AL,156.0
010016,SHELBY BAPTIST MEDICAL CENTER,ALABASTER,AL,190.0
010018,CALLAHAN EYE HOSPITAL,BIRMINGHAM,AL,124.0
010019,HELEN KELLER HOSPITAL,SHEFFIELD,AL,184.0
010021,DALE MEDICAL CENTER,OZARK,AL,140.0
010022,FLOYD CHEROKEE MEDICAL CENTER,CENTRE,AL,130.0
010023,BAPTIST MEDICAL CENTER SOUTH,MONTGOMERY,AL,209.0
010024,JACKSON HOSPITAL & CLINIC INC,MONTGOMERY,AL,145.0
010029,THE EAST ALABAMA HEALTHCARE AUTHORITY,OPELIKA,AL,186.0
010033,UNIVERSITY OF ALABAMA HOSPITAL,BIRMINGHAM,AL,215.0
010034,COMMUNITY HOSPITAL INC,TALLASSEE,AL,106.0
010035,CULLMAN REGIONAL MEDICAL CENTER,CULLMAN,AL,171.0
010036,ANDALUSIA HEALTH,ANDALUSIA,AL,150.0
010039,HUNTSVILLE HOSPITAL,HUNTSVILLE,AL,244.0
010040,GADSDEN REGIONAL MEDICAL CENTER,GADSDEN,AL,203.0
010044,MARION REGIONAL MEDICAL CENTER,HAMILTON,AL,104.0
010045,FAYETTE MEDICAL CENTER,FAYETTE,AL,112.0
010046,RIVERVIEW REGIONAL MEDICAL CENTER,GADSDEN,AL,164.0
010049,MEDICAL CENTER ENTERPRISE,ENTERPRISE,AL,124.0
010051,GREENE COUNTY HOSPITAL,EUTAW,AL,148.0
010052,LAKE MARTIN COMMUNITY HOSPITAL,DADEVILLE,AL,110.0
010055,FLOWERS HOSPITAL,DOTHAN,AL,228.0
010056,ST VINCENT'S BIRMINGHAM,BIRMINGHAM,AL,244.0
010058,BIBB MEDICAL CENTER,CENTREVILLE,AL,128.0
010059,LAWRENCE MEDICAL CENTER,MOULTON,AL,78.0
010061,HIGHLANDS MEDICAL CENTER,SCOTTSBORO,AL,170.0
010062,WIREGRASS MEDICAL CENTER,GENEVA,AL,107.0
010065,RUSSELL MEDICAL CENTER,ALEXANDER CITY,AL,157.0
010073,CLAY COUNTY HOSPITAL,ASHLAND,AL,90.0
010078,NORTHEAST ALABAMA REGIONAL MEDICAL CENTER,ANNISTON,AL,220.0
010079,ATHENS LIMESTONE HOSPITAL,ATHENS,AL,184.0
010083,BALDWIN HEALTH,FOLEY,AL,130.0
010085,DECATUR MORGAN HOSPITAL - DECATUR CAMPUS,DECATUR,AL,158.0
010086,NORTHWEST MEDICAL CENTER,WINFIELD,AL,136.0
010087,USA HEALTH UNIVERSITY HOSPITAL,MOBILE,AL,219.0
010089,WALKER BAPTIST MEDICAL CENTER,JASPER,AL,159.0
010090,"USA HEALTH HCA PROVIDENCE HOSPITAL, LLC",MOBILE,AL,204.0
010091,GROVE HILL MEMORIAL HOSPITAL,GROVE HILL,AL,146.0
010092,DCH REGIONAL MEDICAL CENTER,TUSCALOOSA,AL,215.0
010095,HALE COUNTY HOSPITAL,GREENSBORO,AL,103.0
010097,ELMORE COMMUNITY HOSPITAL,WETUMPKA,AL,107.0
010099,D W MCMILLAN MEMORIAL HOSPITAL,BREWTON,AL,160.0
010100,THOMAS HOSPITAL,FAIRHOPE,AL,195.0
010101,CITIZENS BAPTIST MEDICAL CENTER,TALLADEGA,AL,111.0
010103,PRINCETON BAPTIST MEDICAL CENTER,BIRMINGHAM,AL,160.0
010104,GRANDVIEW MEDICAL CENTER,BIRMINGHAM,AL,168.0
010108,PRATTVILLE BAPTIST HOSPITAL,PRATTVILLE,AL,217.0
010110,BULLOCK COUNTY HOSPITAL,UNION SPRINGS,AL,96.0
010112,WHITFIELD REGIONAL HOSPITAL,DEMOPOLIS,AL,117.0
010113,MOBILE INFIRMARY MEDICAL CENTER,MOBILE,AL,184.0
010114,"MEDICAL WEST, AN AFFILIATE OF UAB HEALTH SYSTEM",BESSEMER,AL,147.0
010118,VAUGHAN REGIONAL MEDICAL CENTER PARKWAY CAMPUS,SELMA,AL,174.0
010120,MONROE COUNTY HOSPITAL,MONROEVILLE,AL,125.0
010125,LAKELAND COMMUNITY HOSPITAL,HALEYVILLE,AL,95.0
010126,TROY REGIONAL MEDICAL CENTER,TROY,AL,109.0
010128,JACKSON MEDICAL CENTER,JACKSON,AL,124.0
010129,NORTH BALDWIN INFIRMARY,BAY MINETTE,AL,188.0
010130,ST VINCENT'S ST CLAIR,PELL CITY,AL,159.0
010131,CRESTWOOD MEDICAL CENTER,HUNTSVILLE,AL,170.0
010138,HILL HOSPITAL OF SUMTER COUNTY,YORK,AL,144.0
010139,BROOKWOOD BAPTIST MEDICAL CENTER,VESTAVIA,AL,156.0
010144,SPRINGHILL MEDICAL CENTER,MOBILE,AL,142.0
010148,EVERGREEN MEDICAL CENTER,EVERGREEN,AL,130.0
010149,BAPTIST MEDICAL CENTER EAST,MONTGOMERY,AL,234.0
010150,THE HEALTH CARE AUTHORITY OF THE CITY OF GREENVILLE- LV STABLER HOSPITAL,GREENVILLE,AL,135.0
010157,NORTH ALABAMA SHOALS HOSPITAL,MUSCLE SHOALS,AL,106.0
010158,RUSSELLVILLE HOSPITAL,RUSSELLVILLE,AL,105.0
010164,COOSA VALLEY MEDICAL CENTER,SYLACAUGA,AL,120.0
010168,JACK HUGHSTON MEMORIAL HOSPITAL,PHENIX CITY,AL,116.0
010169,ATMORE COMMUNITY HOSPITAL,ATMORE,AL,122.0
010173,ST VINCENT'S CHILTON,CLANTON,AL,164.0
011302,RED BAY HOSPITAL,RED BAY,AL,128.0
011304,OCHSNER CHOCTAW GENERAL,BUTLER,AL,123.0
011305,ST VINCENTS BLOUNT,ONEONTA,AL,142.0
011306,TANNER MEDICAL CENTER-EAST ALABAMA,WEDOWEE,AL,95.0
011307,MEDICAL CENTER BARBOUR,EUFAULA,AL,205.0
020001,PROVIDENCE ALASKA MEDICAL CENTER,ANCHORAGE,AK,190.0
020006,MAT-SU REGIONAL MEDICAL CENTER,PALMER,AK,142.0
020008,BARTLETT REGIONAL HOSPITAL,JUNEAU,AK,157.0
020012,FAIRBANKS MEMORIAL HOSPITAL,FAIRBANKS,AK,170.0
020017,ALASKA REGIONAL HOSPITAL,ANCHORAGE,AK,131.0
020024,CENTRAL PENINSULA GENERAL HOSPITAL,SOLDOTNA,AK,152.0
020026,ALASKA NATIVE MEDICAL CENTER,ANCHORAGE,AK,122.0
02013F,673rd Medical Group (Joint Base Elmendorf-Richardson),JBER,AK,128.0
02014F,Bassett ACH (FT Wainwright),Fort Wainwright,AK,125.0
021301,PROVIDENCE VALDEZ MEDICAL CENTER,VALDEZ,AK,128.0
021302,PROVIDENCE SEWARD HOSPITAL,SEWARD,AK,110.0
021304,PETERSBURG MEDICAL CENTER,PETERSBURG,AK,124.0
021306,PROVIDENCE KODIAK ISLAND MEDICAL CTR,KODIAK,AK,110.0
021307,CORDOVA COMMUNITY MEDICAL CENTER,CORDOVA,AK,128.0
021309,BRISTOL BAY DBA KANAKANAK HOSPITAL,DILLINGHAM,AK,99.0
021311,PEACEHEALTH KETCHIKAN MEDICAL CENTER,KETCHIKAN,AK,134.0
021313,SOUTH PENINSULA HOSPITAL,HOMER,AK,139.0
030002,BANNER - UNIVERSITY MEDICAL CENTER PHOENIX,PHOENIX,AZ,272.0
030006,TUCSON MEDICAL CENTER,TUCSON,AZ,210.0
030007,VERDE VALLEY MEDICAL CENTER,COTTONWOOD,AZ,163.0
030010,ST. MARY'S HOSPITAL,TUCSON,AZ,192.0
030011,ST JOSEPH'S HOSPITAL,TUCSON,AZ,167.0
030012,YAVAPAI REGIONAL MEDICAL CENTER,PRESCOTT,AZ,191.0
030013,YUMA REGIONAL MEDICAL CENTER,YUMA,AZ,178.0
030014,HONOR HEALTH JOHN C. LINCOLN MEDICAL CENTER,PHOENIX,AZ,205.0
030016,BANNER CASA GRANDE MEDICAL CENTER,CASA GRANDE,AZ,175.0
030022,VALLEYWISE HEALTH MEDICAL CENTER,PHOENIX,AZ,193.0
030023,FLAGSTAFF MEDICAL CENTER,FLAGSTAFF,AZ,225.0
030024,ST JOSEPHS HOSPITAL AND MEDICAL CENTER,PHOENIX,AZ,183.0
030030,ABRAZO CENTRAL CAMPUS,PHOENIX,AZ,175.0
030036,CHANDLER REGIONAL MEDICAL CENTER,CHANDLER,AZ,114.0
030037,HONORHEALTH TEMPE MEDICAL CENTER,PHOENIX,AZ,166.0
030038,HONORHEALTH SCOTTSDALE OSBORN MEDICAL CENTER,SCOTTSDALE,AZ,198.0
030043,CANYON VISTA MEDICAL CENTER,SIERRA VISTA,AZ,194.0
030055,KINGMAN REGIONAL MEDICAL CENTER,KINGMAN,AZ,212.0
030061,BANNER BOSWELL MEDICAL CENTER,SUN CITY,AZ,228.0
030062,SUMMIT HEALTHCARE REGIONAL MEDICAL CENTER,SHOW LOW,AZ,183.0
030064,BANNER - UNIVERSITY MEDICAL CENTER TUCSON CAMPUS,TUCSON,AZ,316.0
030065,BANNER DESERT MEDICAL CENTER,MESA,AZ,267.0
030069,HAVASU REGIONAL MEDICAL CENTER,LAKE HAVASU CITY,AZ,235.0
030073,TUBA CITY REGIONAL HEALTH CARE CORPORATION,TUBA CITY,AZ,137.0
030083,ABRAZO SCOTTSDALE CAMPUS,PHOENIX,AZ,154.0
030085,NORTHWEST MEDICAL CENTER,TUCSON,AZ,238.0
030087,HONORHEALTH SCOTTSDALE SHEA MEDICAL CENTER,SCOTTSDALE,AZ,176.0
030088,BANNER BAYWOOD MEDICAL CENTER,MESA,AZ,269.0
030089,BANNER THUNDERBIRD MEDICAL CENTER,GLENDALE,AZ,246.0
030092,HONORHEALTH DEER VALLEY MEDICAL CENTER,PHOENIX,AZ,201.0
030093,BANNER DEL E. WEBB MEDICAL CENTER,SUN CITY WEST,AZ,237.0
030094,ABRAZO ARROWHEAD HOSPITAL,GLENDALE,AZ,128.0
030101,WESTERN ARIZONA REGIONAL MEDICAL CENTER,BULLHEAD CITY,AZ,127.0
030103,MAYO CLINIC HOSPITAL,PHOENIX,AZ,201.0
030110,ABRAZO WEST CAMPUS,GOODYEAR,AZ,187.0
030111,BANNER-UNIVERSITY MEDICAL CENTER SOUTH CAMPUS,TUCSON,AZ,278.0
030114,ORO VALLEY HOSPITAL,ORO VALLEY,AZ,142.0
030115,BANNER ESTRELLA MEDICAL CENTER,PHOENIX,AZ,246.0
030117,VALLEY VIEW MEDICAL CENTER,FORT MOHAVE,AZ,171.0
030119,MERCY GILBERT MEDICAL CENTER,GILBERT,AZ,224.0
030121,HONORHEALTH MOUNTAIN VISTA MEDICAL CENTER,MESA,AZ,191.0
030122,BANNER GATEWAY MEDICAL CENTER,GILBERT,AZ,235.0
030123,HONORHEALTH SCOTTSDALE THOMPSON PEAK MED CTR,SCOTTSDALE,AZ,192.0
030130,BANNER IRONWOOD MEDICAL CENTER,QUEEN CREEK,AZ,220.0
030134,BANNER GOLDFIELD MEDICAL CENTER,APACHE JUNCTION,AZ,162.0
030136,DIGNITY HEALTH - ARIZONA GENERAL HOSPITAL,LAVEEN,AZ,104.0
030139,DIGNITY HEALTH ARIZONA GENERAL HOSPITAL,MESA,AZ,88.0
030146,HONORHEALTH SONORAN CROSSING MEDICAL CENTER,PHOENIX,AZ,208.0
030147,BANNER OCOTILLO MEDICAL CENTER,CHANDLER,AZ,191.0
030148,NORTHWEST MEDICAL CENTER SAHUARITA,SAHUARITA,AZ,179.0
031300,WICKENBURG COMMUNITY HOSPITAL,WICKENBURG,AZ,166.0
031301,BENSON HOSPITAL,BENSON,AZ,150.0
031304,PAGE HOSPITAL,PAGE,AZ,75.0
031308,HUHU KAM MEMORIAL HOSPITAL,SACATON,AZ,119.0
031311,LITTLE COLORADO MEDICAL CENTER,WINSLOW,AZ,133.0
031312,COPPER QUEEN COMMUNITY HOSPITAL,BISBEE,AZ,124.0
031313,HOLY CROSS HOSPITAL,NOGALES,AZ,136.0
031314,COBRE VALLEY REGIONAL MEDICAL CENTER,GLOBE,AZ,117.0
031315,WHITE MOUNTAIN REGIONAL MEDICAL CENTER,SPRINGERVILLE,AZ,124.0
031318,BANNER PAYSON MEDICAL CENTER,PAYSON,AZ,152.0
031319,MT. GRAHAM REGIONAL MEDICAL CENTER,SAFFORD,AZ,128.0
040001,SILOAM SPRINGS REGIONAL HOSPITAL,SILOAM SPRINGS,AR,82.0
040002,JOHNSON REGIONAL MEDICAL CENTER,CLARKSVILLE,AR,142.0
040004,WASHINGTON REGIONAL MEDICAL CENTER,FAYETTEVILLE,AR,214.0
040007,CHI-ST VINCENT INFIRMARY,LITTLE ROCK,AR,180.0
040010,MERCY HOSPITAL NORTHWEST ARKANSAS,ROGERS,AR,162.0
040011,CHAMBERS MEMORIAL HOSPITAL,DANVILLE,AR,97.0
040014,WHITE COUNTY MEDICAL CENTER,SEARCY,AR,176.0
040016,University of Arkansas Medical Sciences,LITTLE ROCK,AR,240.0
040017,NORTH ARKANSAS REGIONAL MEDICAL CENTER,HARRISON,AR,152.0
040018,BAPTIST HEALTH - VAN BUREN,VAN BUREN,AR,66.0
040019,FORREST CITY MEDICAL CENTER,FORREST CITY,AR,144.0
040020,ST BERNARDS MEDICAL CENTER,JONESBORO,AR,224.0
040022,NORTHWEST MEDICAL CENTER-SPRINGDALE,SPRINGDALE,AR,127.0
040026,CHI ST. VINCENT HOSPITAL HOT SPRINGS,HOT SPRINGS,AR,165.0
040027,BAXTER HEALTH,MOUNTAIN HOME,AR,189.0
040029,"CONWAY REGIONAL MEDICAL CENTER, INC",CONWAY,AR,185.0
040036,BAPTIST HEALTH MEDICAL CENTER NORTH LITTLE ROCK,NORTH LITTLE ROCK,AR,246.0
040039,ARKANSAS METHODIST MEDICAL CENTER,PARAGOULD,AR,180.0
040041,ST MARYS REGIONAL MEDICAL CENTER,RUSSELLVILLE,AR,147.0
040050,OUACHITA COUNTY MEDICAL CENTER,CAMDEN,AR,138.0
040051,BAPTIST HEALTH MEDICAL CENTER-DREW COUNTY,MONTICELLO,AR,125.0
040055,BAPTIST HEALTH - FORT SMITH,FORT SMITH,AR,113.0
040062,MERCY HOSPITAL FORT SMITH,FORT SMITH,AR,194.0
040067,MAGNOLIA REGIONAL MEDICAL HOSPITAL,MAGNOLIA,AR,102.0
040069,GREAT RIVER MEDICAL CENTER,BLYTHEVILLE,AR,134.0
040071,JEFFERSON REGIONAL MEDICAL CENTER,PINE BLUFF,AR,207.0
040072,BAPTIST HEALTH MEDICAL CENTER-STUTTGART,STUTTGART,AR,101.0
040076,BAPTIST HEALTH MEDICAL CENTER-HOT SPRINGS COUNTY,MALVERN,AR,100.0
040078,NATIONAL PARK MEDICAL CENTER,HOT SPRINGS,AR,158.0
040084,SALINE MEMORIAL HOSPITAL,BENTON,AR,153.0
040088,SOUTH ARKANSAS REGIONAL HOSPITAL LLC,EL DORADO,AR,98.0
040114,BAPTIST HEALTH MEDICAL CENTER-LITTLE ROCK,LITTLE ROCK,AR,152.0
040118,"BAPTIST MEMORIAL HOSPITAL JONESBORO, INC.",JONESBORO,AR,131.0
040119,WHITE RIVER MEDICAL CENTER,BATESVILLE,AR,126.0
040134,"ARKANSAS HEART HOSPITAL, LLC",LITTLE ROCK,AR,228.0
040137,ST VINCENT MEDICAL CENTER/NORTH,SHERWOOD,AR,130.0
040147,ARKANSAS SURGICAL HOSPITAL,NO LITTLE ROCK,AR,153.0
040153,SOUTHWEST ARKANSAS REGIONAL MEDICAL CENTER LLC,HOPE,AR,108.0
040154,BAPTIST HEALTH MEDICAL CENTER- CONWAY,CONWAY,AR,157.0
040156,"BAPTIST MEMORIAL HOSPITAL-CRITTENDEN, INC",WEST MEMPHIS,AR,155.0
040161,ARKANSAS HEART HOSPITAL-ENCORE,BRYANT,AR,182.0
040164,UNITY HEALTH - JACKSONVILLE,JACKSONVILLE,AR,131.0
041300,MERCY HOSPITAL PARIS,PARIS,AR,120.0
041302,DARDANELLE REGIONAL MEDICAL CENTER,DARDANELLE,AR,68.0
041303,MERCY HOSPITAL OZARK,OZARK,AR,110.0
041305,MERCY HOSPITAL WALDRON,WALDRON,AR,73.0
041306,IZARD REGIONAL HOSPITAL LLC,CALICO ROCK,AR,132.0
041307,CROSSRIDGE COMMUNITY HOSPITAL,WYNNE,AR,110.0
041308,MCGEHEE HOSPITAL,MCGEHEE,AR,132.0
041309,LAWRENCE MEMORIAL HOSPITAL,WALNUT RIDGE,AR,98.0
041310,STONE COUNTY MEDICAL CENTER,MOUNTAIN VIEW,AR,112.0
041311,HOWARD MEMORIAL HOSPITAL,NASHVILLE,AR,110.0
041312,BAPTIST HEALTH MEDICAL CENTER HEBER SPRINGS,HEBER SPRINGS,AR,122.0
041313,OZARK HEALTH,CLINTON,AR,162.0
041317,DALLAS COUNTY MEDICAL CENTER,FORDYCE,AR,72.0
041318,MERCY HOSPITAL BOONEVILLE,BOONEVILLE,AR,70.0
041320,LITTLE RIVER MEMORIAL HOSPITAL,ASHDOWN,AR,160.0
041321,BAPTIST HEALTH MEDICAL CENTER-ARKADELPHIA,ARKADELPHIA,AR,104.0
041323,ASHLEY COUNTY MEDICAL CENTER,CROSSETT,AR,100.0
041324,CHI ST VINCENT MORRILTON,MORRILTON,AR,90.0
041326,DELTA MEMORIAL HOSPITAL,DUMAS,AR,116.0
041327,BRADLEY COUNTY MEDICAL CENTER,WARREN,AR,131.0
041328,CHICOT MEMORIAL MEDICAL CENTER,LAKE VILLAGE,AR,106.0
041329,MERCY HOSPITAL BERRYVILLE,BERRYVILLE,AR,109.0
041330,PIGGOTT COMMUNITY HOSPITAL,PIGGOTT,AR,123.0
041332,UNITY HEALTH - NEWPORT,NEWPORT,AR,106.0
041334,MENA REGIONAL HEALTH SYSTEM,MENA,AR,73.0
050002,ST ROSE HOSPITAL,HAYWARD,CA,182.0
050006,PROVIDENCE ST JOSEPH HOSPITAL,EUREKA,CA,173.0
050007,PENINSULA MEDICAL CENTER,BURLINGAME,CA,183.0
050008,CALIFORNIA PACIFIC MEDICAL CTR-DAVIES CAMPUS HOSP,SAN FRANCISCO,CA,162.0
050009,PROVIDENCE QUEEN OF THE VALLEY MEDICAL CENTER,NAPA,CA,150.0
050013,ADVENTIST HEALTH ST HELENA,SAINT HELENA,CA,140.0
050014,SUTTER AMADOR HOSPITAL,JACKSON,CA,140.0
050017,MERCY GENERAL HOSPITAL,SACRAMENTO,CA,162.0
050022,RIVERSIDE COMMUNITY HOSPITAL,RIVERSIDE,CA,186.0
050024,PARADISE VALLEY HOSPITAL,NATIONAL CITY,CA,205.0
050025,UC SAN DIEGO HEALTH HILLCREST - HILLCREST MED CTR,SAN DIEGO,CA,263.0
050026,GROSSMONT HOSPITAL,LA MESA,CA,199.0
050028,MAD RIVER COMMUNITY HOSPITAL,ARCATA,CA,120.0
050030,OROVILLE HOSPITAL,OROVILLE,CA,244.0
050036,BAKERSFIELD MEMORIAL HOSPITAL,BAKERSFIELD,CA,224.0
050038,SANTA CLARA VALLEY MEDICAL CENTER,SAN JOSE,CA,154.0
050039,ENLOE HEALTH,CHICO,CA,186.0
050040,LAC/OLIVE VIEW-UCLA MEDICAL CENTER,SYLMAR,CA,316.0
050042,ST ELIZABETH COMMUNITY HOSPITAL,RED BLUFF,CA,136.0
050043,ALTA BATES SUMMIT MEDICAL CENTER,OAKLAND,CA,236.0
050045,EL CENTRO REGIONAL MEDICAL CENTER,EL CENTRO,CA,279.0
050047,CALIFORNIA PACIFIC MEDICAL CENTER- VAN NESS CAMPUS,SAN FRANCISCO,CA,198.0
050054,SAN GORGONIO MEMORIAL HOSPITAL,BANNING,CA,190.0
050055,CALIFORNIA PACIFIC MEDICAL CENTER - MISSION BERNAL,SAN FRANCISCO,CA,199.0
050056,ANTELOPE VALLEY HOSPITAL,LANCASTER,CA,267.0
050057,KAWEAH HEALTH MEDICAL CENTER,VISALIA,CA,280.0
050058,GLENDALE MEM HOSPITAL & HLTH CENTER,GLENDALE,CA,209.0
050060,COMMUNITY REGIONAL MEDICAL CENTER,FRESNO,CA,238.0
050063,HOLLYWOOD PRESBYTERIAN MEDICAL CENTER,LOS ANGELES,CA,249.0
050067,OAK VALLEY HOSPITAL DISTRICT,OAKDALE,CA,125.0
050069,PROVIDENCE ST. JOSEPH HOSPITAL,ORANGE,CA,218.0
050077,SCRIPPS MERCY HOSPITAL,SAN DIEGO,CA,193.0
050078,PROVIDENCE LITTLE CO OF MARY MED CTR SAN PEDRO,SAN PEDRO,CA,161.0
050082,ST JOHNS REGIONAL MEDICAL CENTER,OXNARD,CA,177.0
050084,ST JOSEPH'S MEDICAL CENTER OF STOCKTON,STOCKTON,CA,214.0
050089,COMMUNITY HOSPITAL OF SAN BERNARDINO,SAN BERNARDINO,CA,148.0
050090,SONOMA VALLEY HOSPITAL,SONOMA,CA,138.0
050091,COMMUNITY HOSPITAL OF HUNTINGTON PARK,HUNTINGTON PARK,CA,208.0
050093,SAINT AGNES MEDICAL CENTER,FRESNO,CA,246.0
050099,SAN ANTONIO REGIONAL HOSPITAL,UPLAND,CA,260.0
050100,SHARP MEMORIAL HOSPITAL,SAN DIEGO,CA,201.0
050101,SUTTER SOLANO MEDICAL CENTER,VALLEJO,CA,138.0
050102,PARKVIEW COMMUNITY HOSPITAL MEDICAL CENTER,RIVERSIDE,CA,168.0
050103,ADVENTIST HEALTH WHITE MEMORIAL,LOS ANGELES,CA,205.0
050104,SAINT FRANCIS MEDICAL CENTER,LYNWOOD,CA,258.0
050107,MARIAN REGIONAL MEDICAL CENTER,SANTA MARIA,CA,174.0
050108,"SUTTER MEDICAL CENTER, SACRAMENTO",SACRAMENTO,CA,190.0
050110,LOMPOC VALLEY MEDICAL CENTER,LOMPOC,CA,170.0
050112,SANTA MONICA - UCLA MED CTR & ORTHOPAEDIC HOSPITAL,SANTA MONICA,CA,209.0
050113,SAN MATEO MEDICAL CENTER,SAN MATEO,CA,185.0
050115,PALOMAR HEALTH DOWNTOWN CAMPUS,ESCONDIDO,CA,216.0
050116,NORTHRIDGE HOSPITAL MEDICAL CENTER,NORTHRIDGE,CA,218.0
050118,DOCTORS HOSPITAL OF MANTECA,MANTECA,CA,171.0
050121,ADVENTIST HEALTH HANFORD,HANFORD,CA,171.0
050122,DAMERON HOSPITAL,STOCKTON,CA,152.0
050124,USC VERDUGO HILLS HOSPITAL,GLENDALE,CA,238.0
050125,REGIONAL MEDICAL CENTER OF SAN JOSE,SAN JOSE,CA,154.0
050126,VALLEY PRESBYTERIAN HOSPITAL,VAN NUYS,CA,260.0
050127,WOODLAND MEMORIAL HOSPITAL,WOODLAND,CA,114.0
050128,TRI-CITY MEDICAL CENTER,OCEANSIDE,CA,252.0
050129,ST BERNARDINE MEDICAL CENTER,SAN BERNARDINO,CA,185.0
050131,NOVATO COMMUNITY HOSPITAL,NOVATO,CA,152.0
050132,SAN GABRIEL VALLEY MEDICAL CENTER,SAN GABRIEL,CA,137.0
050133,ADVENTIST HEALTH AND RIDEOUT,MARYSVILLE,CA,194.0
050135,SOUTHERN CALIFORNIA HOSPITAL AT HOLLYWOOD,HOLLYWOOD,CA,246.0
050136,PETALUMA VALLEY HOSPITAL,PETALUMA,CA,156.0
050145,COMMUNITY HOSPITAL OF THE MONTEREY PENINSULA,MONTEREY,CA,172.0
050149,CALIFORNIA HOSPITAL MEDICAL CENTER LA,LOS ANGELES,CA,258.0
050150,SIERRA NEVADA MEMORIAL HOSPITAL,GRASS VALLEY,CA,153.0
050152,UCSF HEALTH SAINT FRANCIS HOSPITAL,SAN FRANCISCO,CA,137.0
050158,ENCINO HOSPITAL MEDICAL CENTER,ENCINO,CA,134.0
050159,VENTURA COUNTY MEDICAL CENTER,VENTURA,CA,187.0
05015F,60th Medical Group (Travis AFB),Travis AFB,CA,139.0
050167,SAN JOAQUIN GENERAL HOSPITAL,FRENCH CAMP,CA,229.0
050168,PROVIDENCE ST. JUDE MEDICAL CENTER,FULLERTON,CA,266.0
050169,PIH HEALTH HOSPITAL-WHITTIER,WHITTIER,CA,236.0
050174,PROVIDENCE SANTA ROSA MEMORIAL HOSPITAL,SANTA ROSA,CA,160.0
050179,EMANUEL MEDICAL CENTER,TURLOCK,CA,217.0
050180,JOHN MUIR MEDICAL CENTER - WALNUT CREEK CAMPUS,WALNUT CREEK,CA,176.0
050191,ST MARY MEDICAL CENTER,LONG BEACH,CA,148.0
050192,ADVENTIST HEALTH REEDLEY,REEDLEY,CA,143.0
050194,WATSONVILLE COMMUNITY HOSPITAL,WATSONVILLE,CA,165.0
050195,WASHINGTON HOSPITAL,FREMONT,CA,182.0
050197,SEQUOIA HOSPITAL,REDWOOD CITY,CA,125.0
050204,PALMDALE REGIONAL MEDICAL CENTER,PALMDALE,CA,153.0
05020F,NH Camp Pendleton,Camp Pendleton,CA,152.0
050211,ALAMEDA HOSPITAL,ALAMEDA,CA,154.0
050222,SHARP CHULA VISTA MEDICAL CENTER,CHULA VISTA,CA,221.0
050224,HOAG MEMORIAL HOSPITAL PRESBYTERIAN,NEWPORT BEACH,CA,196.0
050226,AHMC ANAHEIM REGIONAL MEDICAL CENTER,ANAHEIM,CA,136.0
050228,ZUCKERBERG SAN FRANCISCO GENERAL HOSP & TRAUMA CTR,SAN FRANCISCO,CA,309.0
05022F,NMC San Diego,San Diego,CA,172.0
050230,GARDEN GROVE HOSPITAL & MEDICAL CENTER,GARDEN GROVE,CA,143.0
050231,POMONA VALLEY HOSPITAL MEDICAL CENTER,POMONA,CA,208.0
050232,FRENCH HOSPITAL MEDICAL CENTER,SAN LUIS OBISPO,CA,182.0
050234,SHARP CORONADO HOSPITAL AND HLTHCR CTR,CORONADO,CA,135.0
050235,PROVIDENCE SAINT JOSEPH MEDICAL CTR,BURBANK,CA,213.0
050236,ADVENTIST HEALTH SIMI VALLEY,SIMI VALLEY,CA,162.0
050238,USC ARCADIA HOSPITAL,ARCADIA,CA,259.0
050239,GLENDALE ADVENTIST MEDICAL CENTER,GLENDALE,CA,184.0
050242,DOMINICAN HOSPITAL,SANTA CRUZ,CA,194.0
050243,DESERT REGIONAL MEDICAL CENTER,PALM SPRINGS,CA,181.0
050245,ARROWHEAD REGIONAL MEDICAL CENTER,COLTON,CA,207.0
050248,NATIVIDAD MEDICAL CENTER,SALINAS,CA,146.0
050254,MARSHALL MEDICAL CENTER,PLACERVILLE,CA,163.0
050261,SIERRA VIEW MEDICAL CENTER,PORTERVILLE,CA,164.0
050262,RONALD REAGAN UCLA MEDICAL CENTER,LOS ANGELES,CA,290.0
050272,REDLANDS COMMUNITY HOSPITAL,REDLANDS,CA,204.0
050276,CONTRA COSTA REGIONAL MEDICAL CENTER,MARTINEZ,CA,188.0
050278,PROVIDENCE HOLY CROSS MEDICAL CENTER,MISSION HILLS,CA,156.0
050279,HI-DESERT MEDICAL CENTER,JOSHUA TREE,CA,149.0
050280,MERCY MEDICAL CENTER REDDING,REDDING,CA,197.0
050281,ALHAMBRA HOSPITAL MEDICAL CENTER,ALHAMBRA,CA,144.0
050283,STANFORD HEALTH CARE TRI-VALLEY,PLEASANTON,CA,211.0
050289,AHMC SETON MEDICAL CENTER,DALY CITY,CA,179.0
050290,SAINT JOHN'S HEALTH CENTER,SANTA MONICA,CA,186.0
050291,SUTTER SANTA ROSA REGIONAL HOSPITAL,SANTA ROSA,CA,226.0
050292,RIVERSIDE UNIVERSITY HEALTH SYSTEM-MEDICAL CENTER,MORENO VALLEY,CA,245.0
050295,MERCY HOSPITAL,BAKERSFIELD,CA,201.0
050298,BARSTOW COMMUNITY HOSPITAL,BARSTOW,CA,180.0
050300,PROVIDENCE ST MARY MEDICAL CENTER,APPLE VALLEY,CA,217.0
050301,ADVENTIST HEALTH UKIAH VALLEY,UKIAH,CA,148.0
050305,ALTA BATES SUMMIT MEDICAL CENTER - ALTA BATES CAMP,BERKELEY,CA,220.0
050308,EL CAMINO HEALTH,MOUNTAIN VIEW,CA,162.0
050309,SUTTER ROSEVILLE MEDICAL CENTER,ROSEVILLE,CA,235.0
050313,SUTTER TRACY COMMUNITY HOSPITAL,TRACY,CA,157.0
050315,KERN MEDICAL CENTER,BAKERSFIELD,CA,280.0
050320,HIGHLAND HOSPITAL,OAKLAND,CA,182.0
050324,SCRIPPS MEMORIAL HOSPITAL LA JOLLA,LA JOLLA,CA,183.0
050327,LOMA LINDA UNIVERSITY MEDICAL CENTER,LOMA LINDA,CA,456.0
050329,CORONA REGIONAL MEDICAL CENTER,CORONA,CA,214.0
050334,SALINAS VALLEY MEMORIAL HOSPITAL,SALINAS,CA,184.0
050335,ADVENTIST HEALTH SONORA,SONORA,CA,180.0
050336,ADVENTIST HEALTH LODI MEMORIAL,LODI,CA,186.0
050342,PIONEERS MEMORIAL HEALTHCARE DISTRICT,BRAWLEY,CA,189.0
050348,UCI HEALTH-ORANGE,ORANGE,CA,314.0
050351,TORRANCE MEMORIAL MEDICAL CENTER,TORRANCE,CA,178.0
050352,BARTON MEMORIAL HOSPITAL,SOUTH LAKE TAHOE,CA,133.0
050353,PROVIDENCE LITTLE COMPANY OF MARY MED CTR TORRANCE,TORRANCE,CA,305.0
050357,GOLETA VALLEY COTTAGE HOSPITAL,SANTA BARBARA,CA,150.0
050360,MARINHEALTH MEDICAL CENTER,GREENBRAE,CA,181.0
050367,NORTHBAY MEDICAL CENTER,FAIRFIELD,CA,194.0
050373,LOS ANGELES GENERAL MEDICAL CENTER,LOS ANGELES,CA,353.0
050376,LAC/HARBOR-UCLA MED CENTER,TORRANCE,CA,301.0
050378,PACIFICA HOSPITAL OF THE VALLEY,SUN VALLEY,CA,212.0
050380,GOOD SAMARITAN HOSPITAL,SAN JOSE,CA,128.0
050382,EMANATE HEALTH INTER-COMMUNITY HOSPITAL,COVINA,CA,184.0
050390,HEMET GLOBAL MEDICAL CENTER,HEMET,CA,220.0
050393,PIH HEALTH DOWNEY HOSPITAL,DOWNEY,CA,240.0
050394,COMMUNITY MEMORIAL HOSPITAL - VENTURA,VENTURA,CA,190.0
050396,SANTA BARBARA COTTAGE HOSPITAL,SANTA BARBARA,CA,187.0
05039F,NH Twentynine Palms,Twentynine Palms,CA,99.0
050407,CHINESE HOSPITAL,SAN FRANCISCO,CA,140.0
050414,MERCY HOSPITAL OF FOLSOM,FOLSOM,CA,175.0
050417,SUTTER COAST HOSPITAL,CRESCENT CITY,CA,135.0
05041F,Weed ACH (FT Irwin),Fort Irwin,CA,127.0
050426,WEST ANAHEIM MEDICAL CENTER,ANAHEIM,CA,211.0
050438,HUNTINGTON HOSPITAL,PASADENA,CA,287.0
050441,STANFORD HEALTH CARE,STANFORD,CA,277.0
050444,MERCY MEDICAL CENTER,MERCED,CA,228.0
050454,UCSF MEDICAL CENTER,SAN FRANCISCO,CA,276.0
050455,ADVENTIST HEALTH BAKERSFIELD,BAKERSFIELD,CA,288.0
050457,UCSF HEALTH ST. MARY'S HOSPITAL,SAN FRANCISCO,CA,165.0
050464,DOCTORS MEDICAL CENTER,MODESTO,CA,224.0
050468,MEMORIAL HOSPITAL OF GARDENA,GARDENA,CA,126.0
050471,PIH HEALTH GOOD SAMARITAN HOSPITAL,LOS ANGELES,CA,232.0
050481,UCLA WEST VALLEY MEDICAL CENTER,WEST HILLS,CA,148.0
050485,MEMORIALCARE LONG BEACH MEDICAL CENTER,LONG BEACH,CA,302.0
050488,EDEN MEDICAL CENTER,CASTRO VALLEY,CA,223.0
050492,CLOVIS COMMUNITY MEDICAL CENTER,CLOVIS,CA,265.0
050496,JOHN MUIR MEDICAL CENTER - CONCORD CAMPUS,CONCORD,CA,147.0
050498,SUTTER AUBURN FAITH HOSPITAL,AUBURN,CA,132.0
050503,SCRIPPS MEMORIAL HOSPITAL - ENCINITAS,ENCINITAS,CA,197.0
050506,ADVENTIST HEALTH SIERRA VISTA,SAN LUIS OBISPO,CA,152.0
050516,MERCY SAN JUAN MEDICAL CENTER,CARMICHAEL,CA,196.0
050517,VICTOR VALLEY GLOBAL MEDICAL CENTER,VICTORVILLE,CA,201.0
050523,SUTTER DELTA MEDICAL CENTER,ANTIOCH,CA,181.0
050526,HUNTINGTON BEACH HOSPITAL,HUNTINGTON BEACH,CA,171.0
050528,MEMORIAL HOSPITAL LOS BANOS,LOS BANOS,CA,164.0
050534,JOHN F KENNEDY MEMORIAL HOSPITAL,INDIO,CA,152.0
050537,SUTTER DAVIS HOSPITAL,DAVIS,CA,150.0
050549,LOS ROBLES HOSPITAL & MEDICAL CENTER,THOUSAND OAKS,CA,162.0
050551,UCI HEALTH - LOS ALAMITOS,LOS ALAMITOS,CA,233.0
050557,MEMORIAL MEDICAL CENTER,MODESTO,CA,255.0
050567,PROVIDENCE MISSION HOSPITAL,MISSION VIEJO,CA,237.0
050570,UCI HEALTH - FOUNTAIN VALLEY,FOUNTAIN VALLEY,CA,172.0
050573,EISENHOWER MEDICAL CENTER,RANCHO MIRAGE,CA,259.0
050580,LA PALMA INTERCOMMUNITY HOSPITAL,LA PALMA,CA,214.0
050581,UCI HEALTH-LAKEWOOD,LAKEWOOD,CA,217.0
050586,CHINO VALLEY MEDICAL CENTER,CHINO,CA,171.0
050588,SAN DIMAS COMMUNITY HOSPITAL,SAN DIMAS,CA,161.0
050589,UCI HEALTH - PLACENTIA LINDA,PLACENTIA,CA,159.0
050590,METHODIST HOSPITAL OF SACRAMENTO,SACRAMENTO,CA,177.0
050597,EMANATE HEALTH FOOTHILL PRESBYTERIAN HOSPITAL,GLENDORA,CA,163.0
050599,UNIVERSITY OF CALIFORNIA DAVIS MEDICAL CENTER,SACRAMENTO,CA,373.0
050603,MEMORIALCARE SADDLEBACK MEDICAL CENTER,LAGUNA HILLS,CA,196.0
050608,ADVENTIST HEALTH DELANO,DELANO,CA,171.0
050624,HENRY MAYO NEWHALL  HOSPITAL,VALENCIA,CA,172.0
050625,CEDARS-SINAI MEDICAL CENTER,LOS ANGELES,CA,369.0
050633,ADVENTIST HEALTH TWIN CITIES,TEMPLETON,CA,138.0
050636,PALOMAR MEDICAL CENTER POWAY,POWAY,CA,206.0
050641,EAST LOS ANGELES DOCTORS HOSPITAL,LOS ANGELES,CA,179.0
050663,LOS ANGELES COMMUNITY HOSPITAL,LOS ANGELES,CA,154.0
050678,MEMORIALCARE ORANGE COAST MEDICAL CENTER,FOUNTAIN VALLEY,CA,159.0
050684,MENIFEE GLOBAL MEDICAL CENTER,SUN CITY,CA,183.0
050689,SAN RAMON REGIONAL MEDICAL CENTER,SAN RAMON,CA,146.0
050701,SOUTHWEST HEALTHCARE RANCHO SPRINGS HOSPITAL,MURRIETA,CA,187.0
050704,MISSION COMMUNITY HOSPITAL,PANORAMA CITY,CA,236.0
050709,DESERT VALLEY HOSPITAL,VICTORVILLE,CA,173.0
050735,WHITTIER HOSPITAL MEDICAL CENTER,WHITTIER,CA,103.0
050736,MONTEREY PARK HOSPITAL,MONTEREY PARK,CA,91.0
050737,GARFIELD MEDICAL CENTER,MONTEREY PARK,CA,150.0
050738,GREATER EL MONTE COMMUNITY HOSPITAL,SOUTH EL MONTE,CA,79.0
050739,CENTINELA HOSPITAL MEDICAL CENTER,INGLEWOOD,CA,217.0
050740,CEDAR-SINAI MARINA DEL REY HOSPITAL,MARINA DEL REY,CA,189.0
050744,ANAHEIM GLOBAL MEDICAL CENTER,ANAHEIM,CA,142.0
050745,CHAPMAN GLOBAL MEDICAL CENTER,ORANGE,CA,160.0
050746,ORANGE COUNTY GLOBAL MEDICAL CENTER,SANTA ANA,CA,186.0
050747,COASTAL COMMUNITIES HOSPITAL,SANTA ANA,CA,173.0
050755,SHERMAN OAKS HOSPITAL,SHERMAN OAKS,CA,146.0
050758,MONTCLAIR HOSPITAL MEDICAL CENTER,MONTCLAIR,CA,151.0
050761,PROVIDENCE CEDARS SINAI TARZANA MEDICAL CENTER,TARZANA,CA,158.0
050764,SHASTA REGIONAL MEDICAL CENTER,REDDING,CA,148.0
050770,LOMA LINDA UNIVERSITY MEDICAL CENTER-MURRIETA,MURRIETA,CA,228.0
050771,COAST PLAZA HOSPITAL,NORWALK,CA,149.0
050775,TEMECULA VALLEY HOSPITAL,TEMECULA,CA,196.0
050776,COLLEGE MEDICAL CENTER,LONG BEACH,CA,393.0
050778,LOMA LINDA UNIVERSITY CHILDREN'S HOSPITAL,LOMA LINDA,CA,212.0
050779,"MARTIN LUTHER KING, JR. COMMUNITY HOSPITAL",LOS ANGELES,CA,153.0
050780,FOOTHILL REGIONAL MEDICAL CENTER,TUSTIN,CA,162.0
050783,COLUSA MEDICAL CENTER,COLUSA,CA,109.0
050784,ADVENTIST HEALTH TULARE,TULARE,CA,186.0
051300,EASTERN PLUMAS HOSPITAL - PORTOLA CAMPUS,PORTOLA,CA,94.0
051301,ADVENTIST HEALTH TEHACHAPI VALLEY,TEHACHAPI,CA,170.0
051303,MAMMOTH HOSPITAL,MAMMOTH LAKES,CA,114.0
051304,JOHN C FREMONT HEALTHCARE DISTRICT,MARIPOSA,CA,131.0
051305,MAYERS MEMORIAL HOSPITAL,FALL RIVER MILLS,CA,103.0
051306,GLENN MEDICAL CENTER,WILLOWS,CA,129.0
051309,JEROLD PHELPS COMMUNITY HOSPITAL,GARBERVILLE,CA,150.0
051310,ADVENTIST HEALTH HOWARD MEMORIAL,WILLITS,CA,120.0
051311,ORCHARD HOSPITAL,GRIDLEY,CA,174.0
051312,MOUNTAINS COMMUNITY HOSPITAL,LAKE ARROWHEAD,CA,129.0
051314,KERN VALLEY HEALTHCARE DISTRICT,LAKE ISABELLA,CA,174.0
051315,TRINITY HOSPITAL,WEAVERVILLE,CA,67.0
051316,FAIRCHILD MEDICAL CENTER,YREKA,CA,140.0
051317,ADVENTIST HEALTH CLEARLAKE,CLEARLAKE,CA,188.0
051318,PROVIDENCE REDWOOD MEMORIAL HOSPITAL,FORTUNA,CA,160.0
051319,MERCY MEDICAL CENTER OF MT SHASTA,MOUNT SHASTA,CA,99.0
051320,BANNER LASSEN MEDICAL CENTER,SUSANVILLE,CA,122.0
051321,HEALDSBURG HOSPITAL,HEALDSBURG,CA,95.0
051323,COLORADO RIVER MEDICAL CENTER,NEEDLES,CA,138.0
051324,NORTHERN INYO HOSPITAL,BISHOP,CA,116.0
051325,ADVENTIST HEALTH MENDOCINO COAST,FORT BRAGG,CA,129.0
051326,PLUMAS DISTRICT HOSPITAL,QUINCY,CA,109.0
051327,SENECA DISTRICT HOSPITAL,CHESTER,CA,105.0
051328,TAHOE FOREST HOSPITAL,TRUCKEE,CA,118.0
051329,SUTTER LAKESIDE HOSPITAL,LAKEPORT,CA,140.0
051331,SANTA YNEZ VALLEY COTTAGE HOSPITAL,SOLVANG,CA,133.0
051332,MARK TWAIN MEDICAL CENTER,SAN ANDREAS,CA,128.0
051333,RIDGECREST REGIONAL HOSPITAL,RIDGECREST,CA,210.0
051334,COMMUNITY MEMORIAL HOSPITAL - OJAI,OJAI,CA,111.0
051335,BEAR VALLEY COMMUNITY HOSPITAL,BIG BEAR LAKE,CA,136.0
051336,SOUTHERN MONTEREY COUNTY MEMORIAL HOSPITAL,KING CITY,CA,77.0
051337,HAZEL HAWKINS MEMORIAL HOSPITAL,HOLLISTER,CA,161.0
051339,PALO VERDE HOSPITAL,BLYTHE,CA,172.0
060001,BANNER NORTH COLORADO MEDICAL CENTER,GREELEY,CO,138.0
060003,LONGMONT UNITED HOSPITAL,LONGMONT,CO,139.0
060004,INTERMOUNTAIN HEALTH PLATTE VALLEY HOSPITAL,BRIGHTON,CO,160.0
060006,MONTROSE REGIONAL HEALTH,MONTROSE,CO,167.0
060008,SAN LUIS VALLEY REGIONAL  MEDICAL CENTER,ALAMOSA,CO,158.0
060009,LUTHERAN MEDICAL CENTER,WHEAT RIDGE,CO,207.0
060010,POUDRE VALLEY HOSPITAL,FORT COLLINS,CO,124.0
060011,DENVER HEALTH & HOSPITAL AUTHORITY,DENVER,CO,208.0
060012,ST MARY-CORWIN HOSPITAL,PUEBLO,CO,158.0
060013,MERCY REGIONAL MEDICAL CENTER,DURANGO,CO,167.0
060014,HCA HEALTHONE PRESBYTERIAN ST LUKES,DENVER,CO,118.0
060015,CENTURA HEALTH-ST ANTHONY HOSPITAL,LAKEWOOD,CO,197.0
060020,"PARKVIEW MEDICAL CENTER, INC",PUEBLO,CO,171.0
060022,UCH-MEMORIAL HEALTH SYSTEM,COLORADO SPRINGS,CO,105.0
060023,INTERMOUNTAIN HEALTH ST. MARY'S REGIONAL HOSPITAL,GRAND JUNCTION,CO,198.0
060024,UNIVERSITY OF COLORADO HOSPITAL AUTHORITY,AURORA,CO,107.0
060027,BOULDER COMMUNITY HEALTH,BOULDER,CO,132.0
060028,SAINT JOSEPH HOSPITAL,DENVER,CO,179.0
060030,BANNER MCKEE MEDICAL CENTER,LOVELAND,CO,147.0
060031,CENTURA HEALTH-PENROSE ST FRANCIS HEALTH SERVICES,COLORADO SPRINGS,CO,217.0
060032,HCA HEALTHONE ROSE,DENVER,CO,128.0
060034,HCA-HEALTHONE DBA SWEDISH MEDICAL CENTER,ENGLEWOOD,CO,118.0
06003F,Evans ACH (FT Carson),Fort Carson,CO,125.0
060044,ST ELIZABETH HOSPITAL,FORT MORGAN,CO,103.0
060049,UCHEALTH YAMPA VALLEY MEDICAL CENTER,STEAMBOAT SPRINGS,CO,121.0
060054,COMMUNITY HOSPITAL,GRAND JUNCTION,CO,143.0
060064,AdventHealth Porter,DENVER,CO,192.0
060065,HCA HEALTHONE MOUNTAIN RIDGE,THORNTON,CO,128.0
060071,DELTA COUNTY MEMORIAL HOSPITAL,DELTA,CO,151.0
060075,VALLEY VIEW HOSPITAL ASSOCIATION,GLENWOOD SPRINGS,CO,156.0
060076,STERLING REGIONAL MEDCENTER,STERLING,CO,92.0
060096,VAIL HEALTH HOSPITAL,VAIL,CO,139.0
060100,THE MEDICAL CENTER OF AURORA & SOUTH HOSPITAL,AURORA,CO,139.0
060103,ADVENTHEALTH AVISTA,LOUISVILLE,CO,163.0
060104,CENTURA HEALTH-ST ANTHONY NORTH HEALTH CAMPUS,WESTMINSTER,CO,161.0
060112,SKY RIDGE MEDICAL CENTER,LONE TREE,CO,143.0
060113,AdventHealth Littleton,LITTLETON,CO,181.0
060114,AdventHealth Parker,PARKER,CO,170.0
060116,GOOD SAMARITAN MEDICAL CENTER LLC,LAFAYETTE,CO,185.0
060117,"ANIMAS SURGICAL HOSPITAL, LLC",DURANGO,CO,95.0
060118,ST ANTHONY SUMMIT MEDICAL CENTER,FRISCO,CO,166.0
060119,MEDICAL CENTER OF THE ROCKIES,LOVELAND,CO,124.0
060125,ADVENTHEALTH CASTLE ROCK,CASTLE ROCK,CO,178.0
060126,BANNER FORT COLLINS MEDICAL CENTER,FORT COLLINS,CO,115.0
060128,LONGS PEAK HOSPITAL,LONGMONT,CO,133.0
060129,UCHEALTH BROOMFIELD HOSPITAL,BROOMFIELD,CO,108.0
060130,UCHEALTH GRANDVIEW HOSPITAL,COLORADO SPRINGS,CO,108.0
060131,UCHEALTH GREELEY HOSPITAL,GREELEY,CO,142.0
060132,UCHEALTH HIGHLANDS RANCH HOSPITAL,HIGHLANDS RANCH,CO,160.0
060133,ST FRANCIS HOSPITAL - INTERQUEST,COLORADO SPRINGS,CO,108.0
061300,WEISBROD MEMORIAL COUNTY HOSPITAL,EADS,CO,124.0
061301,RIO GRANDE HOSPITAL,DEL NORTE,CO,38.0
061302,FAMILY HEALTH WEST HOSPITAL,FRUITA,CO,133.0
061303,EAST MORGAN COUNTY HOSPITAL,BRUSH,CO,102.0
061304,HAXTUN HOSPITAL DISTRICT,HAXTUN,CO,128.0
061305,MELISSA MEMORIAL HOSPITAL,HOLYOKE,CO,123.0
061306,LINCOLN HEALTH HOSPITAL,HUGO,CO,92.0
061308,SAN LUIS VALLEY HEALTH CONEJOS COUNTY HOSPITAL,LA JARA,CO,110.0
061309,WRAY COMMUNITY DISTRICT HOSPITAL,WRAY,CO,109.0
061310,SEDGWICK COUNTY MEMORIAL HOSPITAL,JULESBURG,CO,136.0
061311,SOUTHEAST COLORADO HOSPITAL DISTRICT,SPRINGFIELD,CO,148.0
061313,KIT CARSON COUNTY MEMORIAL HOSPITAL,BURLINGTON,CO,126.0
061314,"MEMORIAL HOSPITAL, THE",CRAIG,CO,116.0
061315,YUMA DISTRICT HOSPITAL,YUMA,CO,124.0
061316,SPANISH PEAKS REGIONAL HEALTH CENTER,WALSENBURG,CO,106.0
061317,GRAND RIVER HOSPITAL DISTRICT,RIFLE,CO,104.0
061318,MIDDLE PARK MEDICAL CENTER,KREMMLING,CO,132.0
061320,GUNNISON VALLEY HOSPITAL,GUNNISON,CO,126.0
061321,MT SAN RAFAEL HOSPITAL,TRINIDAD,CO,109.0
061323,PROWERS MEDICAL CENTER,LAMAR,CO,144.0
061326,UCHEALTH PIKES PEAK REGIONAL HOSPITAL,WOODLAND PARK,CO,113.0
061327,SOUTHWEST MEMORIAL HOSPITAL,CORTEZ,CO,103.0
061328,PAGOSA SPRINGS MEDICAL CENTER,PAGOSA SPRINGS,CO,123.0
061343,KEEFE MEMORIAL HOSPITAL,CHEYENNE WELLS,CO,124.0
061344,ST THOMAS MORE HOSPITAL,CANON CITY,CO,133.0
070002,ST FRANCIS HOSPITAL & MEDICAL CENTER,HARTFORD,CT,282.0
070003,DAY KIMBALL HOSPITAL,PUTNAM,CT,231.0
070004,SHARON HOSPITAL,SHARON,CT,130.0
070005,WATERBURY HOSPITAL,WATERBURY,CT,224.0
070006,STAMFORD HOSPITAL,STAMFORD,CT,222.0
070007,LAWRENCE & MEMORIAL HOSPITAL,NEW LONDON,CT,114.0
070008,JOHNSON MEMORIAL HOSPITAL,STAFFORD SPRINGS,CT,184.0
070010,BRIDGEPORT HOSPITAL,BRIDGEPORT,CT,126.0
070011,CHARLOTTE HUNGERFORD HOSPITAL,TORRINGTON,CT,146.0
070012,ROCKVILLE GENERAL HOSPITAL,VERNON,CT,154.0
070016,SAINT MARY'S HOSPITAL,WATERBURY,CT,258.0
070017,MIDSTATE MEDICAL CENTER,MERIDEN,CT,228.0
070018,GREENWICH HOSPITAL ASSOCIATION -,GREENWICH,CT,171.0
070020,MIDDLESEX HOSPITAL,MIDDLETOWN,CT,174.0
070021,WINDHAM COMMUNITY MEMORIAL HOSPITAL,WILLIMANTIC,CT,142.0
070022,YALE-NEW HAVEN HOSPITAL,NEW HAVEN,CT,197.0
070024,WILLIAM W BACKUS HOSPITAL,NORWICH,CT,175.0
070025,HARTFORD HOSPITAL,HARTFORD,CT,300.0
070027,MANCHESTER MEMORIAL HOSPITAL,MANCHESTER,CT,251.0
070028,ST VINCENT'S MEDICAL CENTER,BRIDGEPORT,CT,225.0
070029,BRISTOL HOSPITAL,BRISTOL,CT,193.0
070031,GRIFFIN HOSPITAL,DERBY,CT,190.0
070033,DANBURY HOSPITAL,DANBURY,CT,206.0
070034,NORWALK HOSPITAL,NORWALK,CT,199.0
070035,THE HOSPITAL OF CENTRAL CONNECTICUT,NEW BRITAIN,CT,155.0
070036,JOHN DEMPSEY HOSPITAL OF THE UNIVERSITY OF CONNECT,FARMINGTON,CT,242.0
080001,CHRISTIANA HOSPITAL,NEWARK,DE,247.0
080003,ST FRANCIS HOSPITAL,WILMINGTON,DE,197.0
080004,"BAYHEALTH MEDICAL CENTER, KENT CAMPUS",DOVER,DE,281.0
080006,"TIDALHEALTH NANTICOKE, INC.",SEAFORD,DE,171.0
080007,BEEBE MEDICAL CENTER,LEWES,DE,169.0
080009,"BAYHEALTH HOSPITAL, SUSSEX CAMPUS",MILFORD,DE,250.0
090001,GEORGE WASHINGTON UNIV HOSPITAL,WASHINGTON,DC,363.0
090003,HOWARD UNIVERSITY HOSPITAL CORP,WASHINGTON,DC,228.0
090004,MEDSTAR GEORGETOWN UNIVERSITY HOSPITAL,WASHINGTON,DC,372.0
090005,SIBLEY MEMORIAL HOSPITAL,WASHINGTON,DC,294.0
090008,UNITED MEDICAL CENTER,WASHINGTON,DC,277.0
090011,MEDSTAR WASHINGTON HOSPITAL CENTER,WASHINGTON,DC,425.0
100001,SHANDS JACKSONVILLE,JACKSONVILLE,FL,194.0
100002,BETHESDA HOSPITAL EAST,BOYNTON BEACH,FL,194.0
100006,ORLANDO HEALTH,ORLANDO,FL,172.0
100007,ADVENTHEALTH ORLANDO,ORLANDO,FL,162.0
100008,BAPTIST HOSPITAL OF MIAMI,MIAMI,FL,236.0
100012,LEE MEMORIAL HOSPITAL,FORT MYERS,FL,219.0
100014,ADVENTHEALTH NEW SMYRNA BEACH,NEW SMYRNA BEACH,FL,141.0
100017,HALIFAX HEALTH MEDICAL CENTER,DAYTONA BEACH,FL,179.0
100018,NAPLES COMMUNITY HOSPITAL,NAPLES,FL,176.0
100019,HOLMES REGIONAL MEDICAL CENTER,MELBOURNE,FL,220.0
100022,JACKSON HEALTH SYSTEM,MIAMI,FL,199.0
100023,HCA FLORIDA CITRUS HOSPITAL,INVERNESS,FL,160.0
100025,SACRED HEART HOSPITAL,PENSACOLA,FL,138.0
100026,ASCENSION SACRED HEART BAY,PANAMA CITY,FL,182.0
100028,PARRISH MEDICAL CENTER,TITUSVILLE,FL,221.0
100029,NORTH SHORE MEDICAL CENTER,MIAMI,FL,176.0
100030,ORLANDO HEALTH-HEALTH CENTRAL HOSPITAL,OCOEE,FL,148.0
100032,ORLANDO HEALTH BAYFRONT HOSPITAL,SAINT PETERSBURG,FL,138.0
100034,"MOUNT SINAI MEDICAL CENTER OF FLORIDA, INC",MIAMI BEACH,FL,172.0
100035,MANATEE MEMORIAL HOSPITAL,BRADENTON,FL,148.0
100038,MEMORIAL REGIONAL HOSPITAL,HOLLYWOOD,FL,158.0
100039,BROWARD HEALTH MEDICAL CENTER,FORT LAUDERDALE,FL,197.0
100040,ASCENSION ST VINCENT'S RIVERSIDE,JACKSONVILLE,FL,155.0
100043,MEASE DUNEDIN HOSPITAL,DUNEDIN,FL,148.0
100044,CLEVELAND CLINIC MARTIN NORTH HOSPITAL,STUART,FL,177.0
100045,ADVENTHEALTH DELAND,DELAND,FL,161.0
100046,Adventhealth Zephyrhills,ZEPHYRHILLS,FL,173.0
100047,SHOREPOINT HEALTH PUNTA GORDA,PUNTA GORDA,FL,139.0
100049,HCA FLORIDA HIGHLANDS HOSPITAL,SEBRING,FL,120.0
100050,LARKIN COMMUNITY HOSPITAL PALM SPRINGS CAMPUS,HIALEAH,FL,177.0
100051,ORLANDO HEALTH SOUTH LAKE HOSPITAL,CLERMONT,FL,133.0
100052,WINTER HAVEN HOSPITAL,WINTER HAVEN,FL,188.0
100053,HIALEAH HOSPITAL,HIALEAH,FL,129.0
100054,HCA FLORIDA TWIN CITIES HOSPITAL,NICEVILLE,FL,112.0
100055,ADVENTHEALTH NORTH PINELLAS,TARPON SPRINGS,FL,130.0
100057,ADVENTHEALTH WATERMAN,TAVARES,FL,204.0
100062,ADVENTHEALTH OCALA,OCALA,FL,149.0
100063,MORTON PLANT NORTH BAY HOSPITAL,NEW PORT RICHEY,FL,195.0
100067,ST ANTHONYS HOSPITAL,SAINT PETERSBURG,FL,209.0
100068,ADVENTHEALTH DAYTONA BEACH,DAYTONA BEACH,FL,148.0
100069,AdventHealth Carrollwood,TAMPA,FL,137.0
100071,TAMPA GENERAL HOSPITAL BROOKSVILLE,BROOKSVILLE,FL,166.0
100072,ADVENTHEALTH FISH MEMORIAL,ORANGE CITY,FL,145.0
100073,HOLY CROSS HOSPITAL,FT LAUDERDALE,FL,173.0
100075,ST JOSEPHS HOSPITAL,TAMPA,FL,187.0
100077,Adventhealth Port Charlotte,PORT CHARLOTTE,FL,128.0
100080,HCA FLORIDA JFK HOSPITAL,ATLANTIS,FL,141.0
100084,UF HEALTH LEESBURG HOSPITAL,LEESBURG,FL,180.0
100086,BROWARD HEALTH NORTH,DEERFIELD BEACH,FL,190.0
100087,SARASOTA MEMORIAL HOSPITAL,SARASOTA,FL,204.0
100088,BAPTIST HEALTH MEDICAL CENTER - JACKSONVILLE,JACKSONVILLE,FL,167.0
100090,FLAGLER HOSPITAL,SAINT AUGUSTINE,FL,154.0
100092,ORLANDO HEALTH ROCKLEDGE HOSPITAL,ROCKLEDGE,FL,152.0
100093,BAPTIST HOSPITAL,PENSACOLA,FL,207.0
100099,ADVENTHEALTH LAKE WALES,LAKE WALES,FL,132.0
100105,CLEVELAND CLINIC INDIAN RIVER HOSPITAL,VERO BEACH,FL,223.0
100107,HCA FLORIDA LEHIGH REGIONAL MEDICAL CENTER,LEHIGH ACRES,FL,121.0
100109,ADVENTHEALTH SEBRING,SEBRING,FL,138.0
100110,HCA FLORIDA OSCEOLA HOSPITAL,KISSIMMEE,FL,121.0
100113,UF HEALTH SHANDS HOSPITAL,GAINESVILLE,FL,244.0
100117,BAPTIST MEDICAL CENTER  BEACHES,JACKSONVILLE BEACH,FL,187.0
100118,AdventHealth Palm Coast,PALM COAST,FL,151.0
100121,BARTOW REGIONAL MEDICAL CENTER,BARTOW,FL,131.0
100122,NORTH OKALOOSA MEDICAL CENTER,CRESTVIEW,FL,140.0
100124,SANTA ROSA MEDICAL CENTER,MILTON,FL,114.0
100125,HOMESTEAD HOSPITAL,HOMESTEAD,FL,227.0
100126,HCA FLORIDA PASADENA HOSPITAL A PART OF HCA FLORID,SAINT PETERSBURG,FL,103.0
100127,MORTON PLANT HOSPITAL,CLEARWATER,FL,192.0
100128,TAMPA GENERAL HOSPITAL,TAMPA,FL,236.0
100130,LAKESIDE MEDICAL CENTER,BELLE GLADE,FL,153.0
100131,HCA FLORIDA AVENTURA HOSPITAL,AVENTURA,FL,133.0
100132,SOUTH FLORIDA BAPTIST HOSPITAL,PLANT CITY,FL,184.0
100134,ED FRASER MEMORIAL HOSPITAL,MACCLENNY,FL,146.0
100135,TALLAHASSEE MEMORIAL HEALTHCARE,TALLAHASSEE,FL,184.0
100137,ADVENTHEALTH HEART OF FLORIDA,DAVENPORT,FL,129.0
10013F,NH Jacksonville,Jacksonville,FL,125.0
100140,BAPTIST MEDICAL CENTER - NASSAU,FERNANDINA BEACH,FL,176.0
100142,JACKSON HOSPITAL,MARIANNA,FL,135.0
100150,LOWER KEYS MEDICAL CENTER,KEY WEST,FL,141.0
100151,MAYO CLINIC,JACKSONVILLE,FL,207.0
100154,SOUTH MIAMI HOSPITAL,MIAMI,FL,201.0
100156,HCA FLORIDA LAKE CITY HOSPITAL,LAKE CITY,FL,129.0
100157,LAKELAND REGIONAL MEDICAL CENTER,LAKELAND,FL,172.0
100161,CENTRAL FLORIDA LAKE MONROE HOSPITAL,SANFORD,FL,123.0
100166,HCA FLORIDA SARASOTA DOCTORS HOSPITAL,SARASOTA,FL,114.0
100167,HCA FLORIDA MERCY HOSPITAL,PLANTATION,FL,133.0
100168,BOCA RATON REGIONAL HOSPITAL,BOCA RATON,FL,208.0
100173,ADVENTHEALTH TAMPA,TAMPA,FL,160.0
100175,DESOTO MEMORIAL HOSPITAL,ARCADIA,FL,151.0
100176,PALM BEACH GARDENS MEDICAL CENTER,PALM BEACH GARDENS,FL,148.0
100177,CAPE CANAVERAL HOSPITAL,COCOA BEACH,FL,176.0
100179,HCA FLORIDA MEMORIAL HOSPITAL,JACKSONVILLE,FL,110.0
100180,HCA FLORIDA ST PETERSBURG HOSPITAL,SAINT PETERSBURG,FL,121.0
100181,LARKIN COMMUNITY HOSPITAL,SOUTH MIAMI,FL,154.0
100183,CORAL GABLES HOSPITAL,CORAL GABLES,FL,133.0
100187,PALMETTO GENERAL HOSPITAL,HIALEAH,FL,180.0
100189,HCA FLORIDA NORTHWEST HOSPITAL,MARGATE,FL,148.0
100191,HCA FLORIDA TRINITY HOSPITAL,TRINITY,FL,112.0
100200,BROWARD HEALTH IMPERIAL POINT,FORT LAUDERDALE,FL,139.0
100204,HCA FLORIDA NORTH FLORIDA HOSPITAL,GAINESVILLE,FL,104.0
100206,HCA FLORIDA SOUTH TAMPA HOSPITAL,TAMPA,FL,91.0
100209,HCA FLORIDA KENDALL HOSPITAL,MIAMI,FL,131.0
100211,ADVENTHEALTH DADE CITY,DADE CITY,FL,144.0
100212,MARION COMMUNTIY HOSPITAL,OCALA,FL,112.0
100213,HCA FLORIDA BLAKE HOSPITAL,BRADENTON,FL,142.0
100217,ORLANDO HEALTH SEBASTIAN RIVER HOSPITAL,SEBASTIAN,FL,154.0
10021F,96th Medical Group (Eglin AFB),Eglin AFB,FL,86.0
100220,GULF COAST MEDICAL CENTER LEE HEALTH,FORT MYERS,FL,286.0
100223,HCA FLORIDA FORT WALTON-DESTIN HOSPITAL,FORT WALTON BEACH,FL,130.0
100224,UNIVERSITY HOSPITAL AND MEDICAL CENTER,TAMARAC,FL,121.0
100226,HCA FLORIDA ORANGE PARK HOSPITAL,ORANGE PARK,FL,102.0
100228,WESTSIDE REGIONAL MEDICAL CENTER,PLANTATION,FL,122.0
100230,MEMORIAL HOSPITAL PEMBROKE,PEMBROKE PINES,FL,128.0
100231,HCA FLORIDA WEST HOSPITAL,PENSACOLA,FL,110.0
100232,HCA FLORIDA PUTNAM HOSPITAL,PALATKA,FL,129.0
100236,HCA FLORIDA FAWCETT HOSPITAL,PORT CHARLOTTE,FL,108.0
100238,HCA FLORIDA NORTHSIDE HOSPITAL,SAINT PETERSBURG,FL,153.0
100242,HCA FLORIDA GULF COAST HOSPITAL,PANAMA CITY,FL,140.0
100243,HCA FLORIDA BRANDON HOSPITAL,BRANDON,FL,103.0
100244,CAPE CORAL HOSPITAL,CAPE CORAL,FL,221.0
100246,HCA FLORIDA LAWNWOOD HOSPITAL,FORT PIERCE,FL,117.0
100248,HCA FLORIDA LARGO HOSPITAL,LARGO,FL,124.0
100249,TAMPA GENERAL HOSPITAL CRYSTAL RIVER,CRYSTAL RIVER,FL,134.0
100252,HCA FLORIDA RAULERSON HOSPITAL,OKEECHOBEE,FL,116.0
100253,JUPITER MEDICAL CENTER,JUPITER,FL,190.0
100254,HCA FLORIDA CAPITAL HOSPITAL,TALLAHASSEE,FL,126.0
100256,HCA FLORIDA BAYONET POINT HOSPITAL,HUDSON,FL,171.0
100258,DELRAY MEDICAL CENTER,DELRAY BEACH,FL,157.0
100259,HCA FLORIDA SOUTH SHORE HOSPITAL,SUN CITY CENTER,FL,144.0
100260,ST LUCIE MEDICAL CENTER,PORT SAINT LUCIE,FL,98.0
100264,HCA FLORIDA OAK HILL HOSPITAL,BROOKSVILLE,FL,150.0
100265,MEASE COUNTRYSIDE HOSPITAL,SAFETY HARBOR,FL,199.0
100266,GULF BREEZE HOSPITAL,GULF BREEZE,FL,173.0
100267,HCA FLORIDA ENGLEWOOD HOSPITAL,ENGLEWOOD,FL,150.0
100268,WEST BOCA MEDICAL CENTER,BOCA RATON,FL,140.0
100269,HCA FLORIDA PALMS WEST HOSPITAL,LOXAHATCHEE,FL,123.0
100275,WELLINGTON REGIONAL MEDICAL CENTER,WELLINGTON,FL,162.0
100276,BROWARD HEALTH CORAL SPRINGS,CORAL SPRINGS,FL,177.0
100281,MEMORIAL HOSPITAL WEST,PEMBROKE PINES,FL,204.0
100284,KERALTY HOSPITAL,MIAMI,FL,198.0
100285,MEMORIAL HOSPITAL MIRAMAR,MIRAMAR,FL,164.0
100286,PHYSICIANS REGIONAL MEDICAL CENTER - PINE RIDGE,NAPLES,FL,165.0
100287,GOOD SAMARITAN MEDICAL CENTER,WEST PALM BEACH,FL,120.0
100288,ST MARY'S MEDICAL CENTER,WEST PALM BEACH,FL,164.0
100289,CLEVELAND CLINIC HOSPITAL,WESTON,FL,217.0
100290,"VILLAGES REGIONAL HOSPITAL, THE",THE VILLAGES,FL,162.0
100291,ORLANDO HEALTH MELBOURNE HOSPITAL,MELBOURNE,FL,130.0
100292,SACRED HEART HOSPITAL ON THE EMERALD COAST,MIRAMAR BEACH,FL,170.0
100296,DOCTORS HOSPITAL,CORAL GABLES,FL,178.0
100299,LAKEWOOD RANCH MEDICAL CENTER,BRADENTON,FL,132.0
100302,ORLANDO HEALTH ST CLOUD HOSPITAL,SAINT CLOUD,FL,143.0
100307,ASCENSION ST VINCENT'S SOUTHSIDE,JACKSONVILLE,FL,121.0
100313,ASCENSION SACRED HEART GULF,PORT SAINT JOE,FL,100.0
100314,WEST KENDALL BAPTIST HOSPITAL,MIAMI,FL,191.0
100315,VIERA HOSPITAL,MELBOURNE,FL,183.0
100316,PALM BAY HOSPITAL,PALM BAY,FL,191.0
100319,ADVENTHEALTH WESLEY CHAPEL,WESLEY CHAPEL,FL,152.0
100320,HCA FLORIDA POINCIANA HOSPITAL,KISSIMMEE,FL,105.0
100321,ASCENSION ST VINCENT'S CLAY COUNTY,MIDDLEBURG,FL,205.0
100329,OVIEDO MEDICAL CENTER,OVIEDO,FL,104.0
100330,HALIFAX HEALTH /UF HEALTH MEDICAL CENTER OF DELTON,DELTONA,FL,139.0
100350,UCF LAKE NONA HOSPITAL,ORLANDO,FL,144.0
100359,SARASOTA MEMORIAL HOSPITAL - VENICE,NORTH VENICE,FL,219.0
100360,HCA FLORIDA UNIVERSITY HOSPITAL,DAVIE,FL,131.0
100361,ASCENSION ST VINCENT'S ST JOHNS COUNTY,ST. JOHNS,FL,118.0
100362,BAYCARE HOSPITAL WESLEY CHAPEL,WESLEY CHAPEL,FL,158.0
100363,ADVENTHEALTH PALM COAST PARKWAY,PALM COAST,FL,160.0
100364,ADVENTHEALTH RIVERVIEW,RIVERVIEW,FL,185.0
101300,ADVENTHEALTH WAUCHULA,WAUCHULA,FL,114.0
101303,LAKE BUTLER HOSPITAL,LAKE BUTLER,FL,92.0
101304,CALHOUN-LIBERTY HOSPITAL,BLOUNTSTOWN,FL,112.0
101307,DOCTORS MEMORIAL HOSPITAL,BONIFAY,FL,122.0
101309,HENDRY REGIONAL MEDICAL CENTER,CLEWISTON,FL,139.0
101311,MADISON COUNTY MEMORIAL HOSPITAL,MADISON,FL,132.0
101312,FISHERMEN'S COMMUNITY HOSPITAL,MARATHON,FL,120.0
101313,MARINERS HOSPITAL,TAVERNIER,FL,127.0
101314,DOCTORS MEMORIAL HOSPITAL INC,PERRY,FL,116.0
101315,JAY HOSPITAL,JAY,FL,128.0
110001,HAMILTON MEDICAL CENTER,DALTON,GA,206.0
110002,UPSON REGIONAL MEDICAL CENTER,THOMASTON,GA,160.0
110003,Memorial Satilla Health,WAYCROSS,GA,121.0
110005,NORTHSIDE HOSPITAL FORSYTH,CUMMING,GA,174.0
110006,ST MARY'S HOSPITAL,ATHENS,GA,133.0
110007,PHOEBE PUTNEY MEMORIAL HOSPITAL,ALBANY,GA,265.0
110008,NORTHSIDE HOSPITAL CHEROKEE,CANTON,GA,206.0
110010,EMORY UNIVERSITY HOSPITAL,ATLANTA,GA,308.0
110011,TANNER MEDICAL CENTER - CARROLLTON,CARROLLTON,GA,189.0
110015,TANNER MEDICAL CENTER VILLA RICA,VILLA RICA,GA,146.0
110016,WELLSTAR WEST GEORGIA MEDICAL CENTER,LAGRANGE,GA,136.0
110018,PIEDMONT NEWTON HOSPITAL,COVINGTON,GA,218.0
110023,ADVENTHEALTH GORDON,CALHOUN,GA,178.0
110024,CANDLER HOSPITAL,SAVANNAH,GA,194.0
110025,SOUTHEAST GEORGIA HEALTH SYSTEM- BRUNSWICK CAMPUS,BRUNSWICK,GA,167.0
110027,"TY COBB REGIONAL MEDICAL CENTER, LLC",LAVONIA,GA,102.0
110028,PIEDMONT AUGUSTA HOSPITAL,AUGUSTA,GA,220.0
110029,"NORTHEAST GEORGIA MEDICAL CENTER, INC",GAINESVILLE,GA,219.0
110030,PIEDMONT CARTERSVILLE MEDICAL CENTER,CARTERSVILLE,GA,168.0
110031,WELLSTAR SPALDING MEDICAL CENTER,GRIFFIN,GA,186.0
110032,STEPHENS COUNTY HOSPITAL,TOCCOA,GA,130.0
110034,"WELLSTAR MCG HEALTH, AFFILIATED WITH MED COL",AUGUSTA,GA,269.0
110035,WELLSTAR KENNESTONE REGIONAL MEDICAL CENTER,MARIETTA,GA,261.0
110036,SAVANNAH HEALTH SERVICES LLC DBA MEMORIAL HEALTH UNIVERSITY MEDICAL CENTER,SAVANNAH,GA,156.0
110038,ARCHBOLD MEMORIAL HOSPITAL,THOMASVILLE,GA,222.0
110041,NORTHEAST GEORGIA MEDICAL CENTER HABERSHAM,DEMOREST,GA,152.0
110042,WELLSTAR PAULDING MEDICAL CENTER,HIRAM,GA,205.0
110043,ST JOSEPH'S HOSPITAL - SAVANNAH,SAVANNAH,GA,213.0
110044,PHOEBE SUMTER MEDICAL CENTER,AMERICUS,GA,216.0
110045,"NGMC BARROW, LLC",WINDER,GA,124.0
110046,PIEDMONT WALTON HOSPITAL,MONROE,GA,134.0
110050,ADVENTHEALTH MURRAY,CHATSWORTH,GA,152.0
110051,UNION GENERAL HOSPITAL,BLAIRSVILLE,GA,172.0
110054,ATRIUM HEALTH FLOYD MEDICAL CENTER,ROME,GA,152.0
110064,PIEDMONT COLUMBUS REGIONAL MIDTOWN,COLUMBUS,GA,145.0
110069,EMORY HOUSTON HOSPITAL WARNER ROBINS,WARNER ROBINS,GA,275.0
110071,APPLING HEALTHCARE,BAXLEY,GA,128.0
110073,DORMINY MEDICAL CENTER,FITZGERALD,GA,146.0
110074,PIEDMONT ATHENS REGIONAL MEDICAL CENTER,ATHENS,GA,187.0
110075,EAST GEORGIA REGIONAL MEDICAL CENTER,STATESBORO,GA,139.0
110076,EMORY DECATUR HOSPITAL,DECATUR,GA,272.0
110078,EMORY UNIVERSITY HOSPITAL MIDTOWN,ATLANTA,GA,348.0
110079,GRADY MEMORIAL HOSPITAL,ATLANTA,GA,338.0
110082,"SAINT JOSEPH'S HOSPITAL OF ATLANTA, INC",ATLANTA,GA,261.0
110083,"PIEDMONT HOSPITAL, INC",ATLANTA,GA,247.0
110086,WASHINGTON COUNTY REGIONAL MEDICAL CENTER,SANDERSVILLE,GA,122.0
110087,NORTHSIDE HOSPITAL GWINNETT,LAWRENCEVILLE,GA,270.0
110089,"COFFEE REGIONAL MEDICAL CENTER, INC",DOUGLAS,GA,216.0
110091,PIEDMONT ROCKDALE HOSPITAL,CONYERS,GA,197.0
110092,DODGE COUNTY HOSPITAL,EASTMAN,GA,160.0
110095,TIFT REGIONAL MEDICAL CENTER,TIFTON,GA,261.0
110100,JEFFERSON HOSPITAL,LOUISVILLE,GA,88.0
110104,CRISP REGIONAL HOSPITAL,CORDELE,GA,178.0
110105,COLQUITT REGIONAL MEDICAL CENTER,MOULTRIE,GA,163.0
110107,ATRIUM HEALTH NAVICENT THE MEDICAL CENTER,MACON,GA,195.0
110109,EMANUEL MEDICAL CENTER,SWAINSBORO,GA,161.0
110111,UNIVERSITY MCDUFFIE COUNTY REGIONAL MEDICAL CENTER,THOMSON,GA,139.0
110113,BURKE MEDICAL CENTER,WAYNESBORO,GA,120.0
110121,GRADY GENERAL HOSPITAL,CAIRO,GA,148.0
110122,SGMC HEALTH,VALDOSTA,GA,202.0
110124,WAYNE MEMORIAL HOSPITAL,JESUP,GA,181.0
110125,FAIRVIEW PARK HOSPITAL,DUBLIN,GA,135.0
110128,MEMORIAL HEALTH MEADOWS HOSPITAL,VIDALIA,GA,129.0
110129,ST FRANCIS HOSPITAL- EMORY HEALTHCARE,COLUMBUS,GA,209.0
110132,MEMORIAL HOSPITAL AND MANOR,BAINBRIDGE,GA,152.0
110142,EVANS MEMORIAL HOSPITAL,CLAXTON,GA,140.0
110143,WELLSTAR COBB MEDICAL CENTER,AUSTELL,GA,244.0
110146,SOUTHEAST GEORGIA HEALTH SYSTEM -- CAMDEN CAMPUS,SAINT MARYS,GA,151.0
110150,NAVICENT HEALTH BALDWIN,MILLEDGEVILLE,GA,190.0
110161,NORTHSIDE HOSPITAL,ATLANTA,GA,233.0
110164,"COLISEUM MEDICAL CENTERS, LLC, DBA",MACON,GA,222.0
110165,SOUTHERN REGIONAL MEDICAL CENTER,RIVERDALE,GA,265.0
110168,ADVENTHEALTH REDMOND,ROME,GA,171.0
110177,DOCTORS HOSPITAL,AUGUSTA,GA,156.0
110184,WELLSTAR DOUGLAS MEDICAL CENTER,DOUGLASVILLE,GA,186.0
110191,PIEDMONT HENRY HOSPITAL,STOCKBRIDGE,GA,251.0
110192,PIEDMONT EASTSIDE MEDICAL CENTER,SNELLVILLE,GA,183.0
110194,DONALSONVILLE HOSPITAL INC,DONALSONVILLE,GA,171.0
110198,WELLSTAR NORTH FULTON MEDICAL CENTER,ROSWELL,GA,177.0
110200,PIEDMONT COLUMBUS REGIONAL NORTHSIDE,COLUMBUS,GA,206.0
110201,PIEDMONT MACON NORTH HOSPITAL,MACON,GA,185.0
110215,PIEDMONT FAYETTE HOSPITAL,FAYETTEVILLE,GA,271.0
110225,PIEDMONT MOUNTAINSIDE HOSPITAL INC,JASPER,GA,144.0
110226,EMORY HILLANDALE HOSPITAL,LITHONIA,GA,221.0
110229,"PIEDMONT NEWNAN HOSPITAL, INC",NEWNAN,GA,200.0
110230,EMORY JOHNS CREEK HOSPITAL,JOHNS CREEK,GA,200.0
110234,SGMC BERRIEN CAMPUS,NASHVILLE,GA,75.0
110236,CHI MEMORIAL HOSPITAL- GEORGIA,FORT OGLETHORPE,GA,118.0
110237,NORTHEAST GEORGIA MEDICAL CENTER LUMPKIN,DAHLONEGA,GA,158.0
110252,NORTHSIDE HOSPITAL DULUTH,DULUTH,GA,208.0
11032F,Martin ACH (FT Benning),Fort Benning,GA,147.0
11033F,Dwight Eisenhower AMC (FT Gordon),Fort Gordon,GA,107.0
11035F,Winn ACH (FT Stewart),Fort Stewart,GA,155.0
111302,BLECKLEY MEMORIAL HOSPITAL,COCHRAN,GA,120.0
111303,JASPER MEMORIAL HOSPITAL,MONTICELLO,GA,87.0
111304,MORGAN MEDICAL CENTER,MADISON,GA,100.0
111305,MILLER COUNTY HOSPITAL,COLQUITT,GA,81.0
111306,EFFINGHAM HEALTH SYSTEM,SPRINGFIELD,GA,144.0
111308,CLINCH MEMORIAL HOSPITAL,HOMERVILLE,GA,92.0
111310,ATRIUM HEALTH NAVICENT PEACH,BYRON,GA,170.0
111311,JENKINS COUNTY MEDICAL CENTER,MILLEN,GA,96.0
111312,OPTIM MEDICAL CENTER - SCREVEN,SYLVANIA,GA,82.0
111313,PUTNAM GENERAL HOSPITAL,EATONTON,GA,116.0
111314,LIFEBRITE COMMUNITY HOSPITAL OF EARLY,BLAKELY,GA,103.0
111316,WARM SPRINGS MEDICAL CENTER,WARM SPRINGS,GA,85.0
111318,MONROE COUNTY HOSPITAL,FORSYTH,GA,149.0
111319,WELLSTAR SYLVAN GROVE MEDICAL CENTER,JACKSON,GA,107.0
111320,HIGGINS GENERAL HOSPITAL,BREMEN,GA,126.0
111323,OPTIM MEDICAL CENTER - TATTNALL,REIDSVILLE,GA,68.0
111324,CHATUGE REGIONAL HOSPITAL,HIAWASSEE,GA,150.0
111325,WILLS MEMORIAL HOSPITAL,WASHINGTON,GA,112.0
111326,SGMC HEALTH LANIER,LAKELAND,GA,79.0
111327,BACON COUNTY HOSPITAL,ALMA,GA,152.0
111328,PHOEBE WORTH MEDICAL CENTER,SYLVESTER,GA,104.0
111329,ST MARYS GOOD SAMARITAN HOSPITAL,GREENSBORO,GA,122.0
111330,ATRIUM HEALTH FLOYD POLK MEDICAL CENTER,CEDARTOWN,GA,90.0
111331,ARCHBOLD MITCHELL,CAMILLA,GA,117.0
111332,ARCHBOLD BROOKS,QUITMAN,GA,76.0
111333,JEFF DAVIS HOSPITAL,HAZLEHURST,GA,112.0
111334,CANDLER COUNTY HOSPITAL,METTER,GA,116.0
111335,LIBERTY REGIONAL MEDICAL CENTER,HINESVILLE,GA,174.0
111336,MOUNTAIN LAKES MEDICAL CENTER,CLAYTON,GA,112.0
111337,ELBERT MEMORIAL HOSPITAL,ELBERTON,GA,121.0
120001,THE QUEENS MEDICAL CENTER,HONOLULU,HI,167.0
120002,MAUI MEMORIAL MEDICAL CENTER,WAILUKU,HI,148.0
120005,HILO BENIOFF MEDICAL CENTER,HILO,HI,161.0
120006,ADVENTIST HEALTH CASTLE,KAILUA,HI,162.0
120007,KUAKINI MEDICAL CENTER,HONOLULU,HI,162.0
120014,WILCOX MEMORIAL HOSPITAL,LIHUE,HI,150.0
120019,KONA COMMUNITY HOSPITAL,KEALAKEKUA,HI,170.0
12001F,Tripler AMC (FT Shafter),Honolulu,HI,191.0
120022,STRAUB CLINIC AND HOSPITAL,HONOLULU,HI,119.0
120026,PALI MOMI MEDICAL CENTER,AIEA,HI,152.0
120028,"NORTH HAWAII COMMUNITY HOSPITAL, INC",KAMUELA,HI,130.0
121300,KAUAI VETERANS MEMORIAL HOSPITAL,WAIMEA,HI,77.0
121301,KAU HOSPITAL,PAHALA,HI,81.0
121302,KOHALA HOSPITAL,KAPAAU,HI,80.0
121303,MOLOKAI GENERAL HOSPITAL,KAUNAKAKAI,HI,83.0
121304,KAHUKU MEDICAL CENTER,KAHUKU,HI,81.0
121305,LANAI COMMUNITY HOSPITAL,LANAI CITY,HI,77.0
121306,SAMUEL MAHELONA MEMORIAL HOSPITAL,KAPAA,HI,61.0
121307,HALE HO'OLA HAMAKUA,HONOKAA,HI,65.0
121308,KULA HOSPITAL,KULA,HI,61.0
130002,ST LUKES MAGIC VALLEY MEDICAL CENTER,TWIN FALLS,ID,186.0
130003,ST JOSEPH REGIONAL MEDICAL CENTER,LEWISTON,ID,132.0
130006,ST LUKE'S REGIONAL MEDICAL CENTER,BOISE,ID,170.0
130007,SAINT ALPHONSUS REGIONAL MEDICAL CENTER,BOISE,ID,163.0
130013,SAINT ALPHONSUS MEDICAL CENTER - NAMPA,NAMPA,ID,131.0
130014,WEST VALLEY MEDICAL CENTER,CALDWELL,ID,124.0
130018,EASTERN IDAHO REGIONAL MEDICAL CENTER,IDAHO FALLS,ID,130.0
130025,MADISON MEMORIAL HOSPITAL,REXBURG,ID,120.0
130028,PORTNEUF MEDICAL CENTER,POCATELLO,ID,219.0
130049,KOOTENAI HEALTH,COEUR D'ALENE,ID,176.0
130065,MOUNTAIN VIEW HOSPITAL,IDAHO FALLS,ID,117.0
130071,ST LUKE'S NAMPA MEDICAL CENTER,NAMPA,ID,155.0
130074,"IDAHO FALLS COMMUNITY HOSPITAL, LLC",IDAHO FALLS,ID,138.0
131301,BOUNDARY COMMUNITY HOSPITAL,BONNERS FERRY,ID,102.0
131302,NORTH CANYON MEDICAL CENTER,GOODING,ID,107.0
131303,NELL J REDFIELD MEMORIAL HOSPITAL,MALAD CITY,ID,120.0
131304,POWER COUNTY HOSPITAL DISTRICT,AMERICAN FALLS,ID,85.0
131307,WEISER MEMORIAL HOSPITAL,WEISER,ID,96.0
131309,CARIBOU MEDICAL CENTER,SODA SPRINGS,ID,114.0
131310,ST LUKE'S JEROME,JEROME,ID,100.0
131311,ST LUKE'S ELMORE MEDICAL CENTER,MOUNTAIN HOME,ID,112.0
131312,ST LUKE'S MCCALL,MCCALL,ID,149.0
131313,TETON VALLEY HOSPITAL,DRIGGS,ID,106.0
131314,SHOSHONE MEDICAL CENTER,KELLOGG,ID,112.0
131315,SYRINGA GENERAL HOSPITAL,GRANGEVILLE,ID,104.0
131316,BEAR LAKE MEMORIAL HOSPITAL,MONTPELIER,ID,90.0
131317,BENEWAH COMMUNITY HOSPITAL,SAINT MARIES,ID,106.0
131318,VALOR HEALTH,EMMETT,ID,103.0
131319,MINIDOKA MEMORIAL HOSPITAL,RUPERT,ID,112.0
131320,CLEARWATER VALLEY HOSPITAL & CLINICS,OROFINO,ID,139.0
131321,ST MARY'S HOSPITAL,COTTONWOOD,ID,134.0
131322,FRANKLIN COUNTY MEDICAL CENTER,PRESTON,ID,166.0
131323,ST LUKE'S WOOD RIVER MEDICAL CENTER,KETCHUM,ID,135.0
131324,LOST RIVERS MEDICAL CENTER,ARCO,ID,99.0
131325,BINGHAM MEMORIAL HOSPITAL,BLACKFOOT,ID,160.0
131326,CASSIA REGIONAL HOSPITAL,BURLEY,ID,129.0
131327,GRITMAN MEDICAL CENTER,MOSCOW,ID,137.0
131328,BONNER GENERAL HOSPITAL,SANDPOINT,ID,162.0
140001,GRAHAM HOSPITAL ASSOCIATION,CANTON,IL,120.0
140002,ALTON MEMORIAL HOSPITAL,ALTON,IL,197.0
140007,SAINT JOSEPH MEDICAL CENTER,JOLIET,IL,208.0
140008,LOYOLA GOTTLIEB MEMORIAL HOSPITAL,MELROSE PARK,IL,217.0
140010,NORTHSHORE UNIVERSITY HEALTHSYSTEM - EVANSTON HOSPITAL,EVANSTON,IL,265.0
140011,HERRIN HOSPITAL,HERRIN,IL,186.0
140012,OSF SAINT KATHARINE MEDICAL CENTER,DIXON,IL,158.0
140013,CARLE HEALTH PROCTOR HOSPITAL,PEORIA,IL,146.0
140015,BLESSING HOSPITAL,QUINCY,IL,160.0
140018,MT SINAI HOSPITAL MEDICAL CENTER,CHICAGO,IL,200.0
140029,COPLEY MEMORIAL HOSPITAL,AURORA,IL,194.0
140030,ADVOCATE SHERMAN HOSPITAL,ELGIN,IL,188.0
140032,ST ANTHONYS MEMORIAL HOSPITAL,EFFINGHAM,IL,136.0
140034,SSM HEALTH ST MARY'S HOSPITAL -CENTRALIA,CENTRALIA,IL,158.0
140043,CGH MEDICAL CENTER,STERLING,IL,203.0
140046,GOOD SAMARITAN REGIONAL HLTH CENTER,MOUNT VERNON,IL,187.0
140048,ADVOCATE TRINITY HOSPITAL,CHICAGO,IL,262.0
140049,WEST SUBURBAN MEDICAL CENTER,OAK PARK,IL,256.0
140052,OSF SAINT ANTHONY'S HEALTH CENTER,ALTON,IL,155.0
140053,ST JOHNS HOSPITAL,SPRINGFIELD,IL,170.0
140054,MACNEAL  HOSPITAL,BERWYN,IL,210.0
140059,JERSEY COMMUNITY HOSPITAL,JERSEYVILLE,IL,130.0
140062,PALOS COMMUNITY HOSPITAL,PALOS HEIGHTS,IL,262.0
140063,RUSH OAK PARK HOSPITAL,OAK PARK,IL,241.0
140064,ST MARY MEDICAL CENTER,GALESBURG,IL,192.0
140065,UCHICAGO MEDICINE ADVENTHEALTH LA GRANGE,LA GRANGE,IL,171.0
140067,SAINT FRANCIS MEDICAL CENTER,PEORIA,IL,285.0
140068,ROSELAND COMMUNITY HOSPITAL,CHICAGO,IL,242.0
140077,TOUCHETTE REGIONAL HOSPITAL INC,CENTREVILLE,IL,119.0
140080,SAINT FRANCIS HOSPITAL-EVANSTON,EVANSTON,IL,186.0
140082,LOUIS A WEISS MEMORIAL HOSPITAL,CHICAGO,IL,209.0
140083,LORETTO HOSPITAL,CHICAGO,IL,198.0
140084,VISTA MEDICAL CENTER EAST,WAUKEGAN,IL,179.0
140088,THE UNIVERSITY OF CHICAGO MEDICAL CENTER,CHICAGO,IL,274.0
140089,MC DONOUGH DISTRICT HOSPITAL,MACOMB,IL,156.0
140091,CARLE FOUNDATION HOSPITAL,URBANA,IL,214.0
140093,OSF SACRED HEART MEDICAL CENTER,DANVILLE,IL,194.0
140095,SAINT ANTHONY HOSPITAL,CHICAGO,IL,201.0
140100,"MIDWESTERN REGION MED CENTER, INC",ZION,IL,175.0
140101,MORRIS HOSPITAL & HEALTHCARE CENTERS,MORRIS,IL,163.0
140103,ST BERNARD HOSPITAL,CHICAGO,IL,258.0
140110,OSF SAINT ELIZABETH MDL CTR,OTTAWA,IL,132.0
140113,OSF HEART OF MARY MEDICAL CENTER,URBANA,IL,133.0
140114,SWEDISH HOSPITAL,CHICAGO,IL,262.0
140115,THOREK MEMORIAL HOSPITAL,CHICAGO,IL,183.0
140116,NORTHWESTERN MEDICINE MCHENRY,MCHENRY,IL,188.0
140117,AMITA HEALTH RESURRECTION MEDICAL CENTER,CHICAGO,IL,198.0
140119,RUSH UNIVERSITY MEDICAL CENTER,CHICAGO,IL,361.0
140120,CARLE HEALTH PEKIN HOSPITAL,PEKIN,IL,106.0
140122,UCHICAGO MEDICINE ADVENTHEALTH HINSDALE,HINSDALE,IL,204.0
140124,JOHN H STROGER JR HOSPITAL,CHICAGO,IL,306.0
140125,GATEWAY REGIONAL MEDICAL CENTER,GRANITE CITY,IL,149.0
140127,CARLE BROMENN MEDICAL CENTER,NORMAL,IL,199.0
140130,NORTHWESTERN LAKE FOREST HOSPITAL,LAKE FOREST,IL,229.0
140133,HOLY CROSS HOSPITAL,CHICAGO,IL,163.0
140135,DECATUR MEMORIAL HOSPITAL,DECATUR,IL,206.0
140137,HSHS HOLY FAMILY HOSPITAL INC,GREENVILLE,IL,106.0
140145,ST JOSEPHS HOSPITAL,BREESE,IL,130.0
140148,MEMORIAL MEDICAL CENTER,SPRINGFIELD,IL,254.0
140150,UNIVERSITY OF ILLINOIS HOSPITAL AND CLINICS,CHICAGO,IL,317.0
140155,PRESENCE ST MARYS HOSPITAL,KANKAKEE,IL,149.0
140158,INSIGHT HOSPITAL AND MEDICAL CENTER CHICAGO,CHICAGO,IL,166.0
140160,FHN MEMORIAL HOSPITAL,FREEPORT,IL,183.0
140161,SAINT JAMES HOSPITAL,PONTIAC,IL,129.0
140162,ST JOSEPH MEDICAL CENTER,BLOOMINGTON,IL,196.0
140164,MEMORIAL HOSPITAL OF CARBONDALE,CARBONDALE,IL,182.0
140166,ST MARYS HOSPITAL,DECATUR,IL,162.0
140172,FRANCISCAN HEALTH OLYMPIA & CHICAGO HEIGHTS,OLYMPIA FIELDS,IL,244.0
140174,PRESENCE MERCY MEDICAL CENTER,AURORA,IL,202.0
140177,JACKSON PARK HOSPITAL,CHICAGO,IL,226.0
140179,OSF LITTLE COMPANY OF MARY MEDICAL CENTER,EVERGREEN PARK,IL,265.0
140180,PRESENCE SAINTS MARY AND ELIZABETH MEDICAL CENTER,CHICAGO,IL,206.0
140181,SOUTH SHORE HOSPITAL,CHICAGO,IL,251.0
140182,ADVOCATE ILLINOIS MASONIC MEDICAL CENTER,CHICAGO,IL,243.0
140184,HEARTLAND REGIONAL MEDICAL CENTER,MARION,IL,172.0
140185,MEMORIAL HOSPITAL,BELLEVILLE,IL,202.0
140186,RIVERSIDE MEDICAL CENTER,KANKAKEE,IL,177.0
140187,HSHS ST ELIZABETH'S HOSPITAL,O FALLON,IL,158.0
140189,SARAH BUSH LINCOLN HEALTH CENTER,MATTOON,IL,206.0
140191,INGALLS MEMORIAL HOSPITAL,HARVEY,IL,130.0
140197,METHODIST HOSPITAL OF CHICAGO,CHICAGO,IL,186.0
140200,ELMHURST MEMORIAL HOSPITAL,ELMHURST,IL,169.0
140202,ADVOCATE CONDELL MEDICAL CENTER,LIBERTYVILLE,IL,226.0
140206,HUMBOLDT PARK HEALTH,CHICAGO,IL,173.0
140208,ADVOCATE CHRIST HOSPITAL & MEDICAL CENTER,OAK LAWN,IL,258.0
140209,CARLE HEALTH METHODIST HOSPITAL,PEORIA,IL,212.0
140210,HARRISBURG MEDICAL CENTER,HARRISBURG,IL,150.0
140211,NORTHWESTERN MEDICINE DELNOR COMMUNITY HOSPITAL,GENEVA,IL,217.0
140213,SILVER CROSS HOSPITAL  AND MEDICAL CENTERS,NEW LENOX,IL,230.0
140217,SAINT JOSEPH HOSPITAL-ELGIN,ELGIN,IL,150.0
140223,ADVOCATE LUTHERAN GENERAL HOSPITAL,PARK RIDGE,IL,235.0
140224,PRESENCE SAINT JOSEPH HOSPITAL - CHICAGO,CHICAGO,IL,142.0
140228,UW HEALTH,ROCKFORD,IL,200.0
140231,EDWARD HOSPITAL,NAPERVILLE,IL,168.0
140233,SAINT ANTHONY MEDICAL CENTER,ROCKFORD,IL,230.0
140239,JAVON BEA HOSPITAL,ROCKFORD,IL,258.0
140242,NORTHWESTERN MEDICINE CENTRAL DUPAGE HOSPITAL,WINFIELD,IL,229.0
140251,COMMUNITY FIRST MEDICAL CENTER,CHICAGO,IL,242.0
140252,NORTHWEST COMMUNITY HOSPITAL 1,ARLINGTON HEIGHTS,IL,168.0
140258,ALEXIAN BROTHERS MEDICAL CENTER 1,ELK GROVE VILLAGE,IL,200.0
140275,GENESIS HLTH SYSTEM DBA GENESIS MDL CTR-ILLINI,SILVIS,IL,210.0
140276,LOYOLA UNIVERSITY MEDICAL CENTER,MAYWOOD,IL,272.0
140280,TRINITY ROCK ISLAND,ROCK ISLAND,IL,174.0
140281,NORTHWESTERN MEMORIAL HOSPITAL,CHICAGO,IL,336.0
140286,NORTHWESTERN MEDICINE KISHWAUKEE HOSPITAL,DEKALB,IL,197.0
140288,ADVOCATE GOOD SAMARITAN HOSPITAL,DOWNERS GROVE,IL,188.0
140289,ANDERSON HOSPITAL,MARYVILLE,IL,217.0
140290,ST ALEXIUS MEDICAL CENTER,HOFFMAN ESTATES,IL,184.0
140291,ADVOCATE GOOD SHEPHERD HOSPITAL,BARRINGTON,IL,204.0
140292,UCHICAGO MEDICINE ADVENTHEALTH GLENOAKS,GLENDALE HEIGHTS,IL,182.0
140294,DEACONESS ILLINOIS CROSSROADS,MOUNT VERNON,IL,145.0
140300,PROVIDENT HOSPITAL OF CHICAGO,CHICAGO,IL,232.0
140304,UCHICAGO MEDICINE ADVENTHEALTH BOLINGBROOK,BOLINGBROOK,IL,181.0
140308,MERCYHEALTH HOSPITAL & PHYSICIAN CLINIC-CRYSTAL LA,CRYSTAL LAKE,IL,105.0
141301,KIRBY MEDICAL CENTER,MONTICELLO,IL,120.0
141304,"GENESIS MEDICAL CENTER, ALEDO",ALEDO,IL,87.0
141305,MEMORIAL HOSPITAL,CARTHAGE,IL,146.0
141307,PINCKNEYVILLE COMMUNITY HOSPITAL,PINCKNEYVILLE,IL,53.0
141308,WASHINGTON COUNTY HOSPITAL,NASHVILLE,IL,79.0
141309,CARLE EUREKA  HOSPITAL,EUREKA,IL,107.0
141311,FAIRFIELD MEMORIAL HOSPITAL 1,FAIRFIELD,IL,94.0
141312,ROCHELLE COMMUNITY HOSPITAL,ROCHELLE,IL,98.0
141313,MASON DISTRICT HOSPITAL,HAVANA,IL,100.0
141315,ILLINI COMMUNITY HOSPITAL,PITTSFIELD,IL,109.0
141318,OSF HOLY FAMILY MEDICAL CENTER,MONMOUTH,IL,122.0
141319,HAMMOND HENRY HOSPITAL,GENESEO,IL,108.0
141320,PARIS COMMUNITY HOSPITAL,PARIS,IL,109.0
141321,FRANKLIN HOSPITAL,BENTON,IL,114.0
141322,ABRAHAM LINCOLN MEMORIAL HOSPITAL,LINCOLN,IL,139.0
141323,MASSAC MEMORIAL HOSPITAL,METROPOLIS,IL,107.0
141325,OSF SAINT LUKE MEDICAL CENTER,KEWANEE,IL,116.0
141326,HAMILTON MEMORIAL HOSPITAL,MCLEANSBORO,IL,132.0
141327,WABASH GENERAL HOSPITAL 1,MOUNT CARMEL,IL,118.0
141329,MORRISON COMMUNITY HOSPITAL,MORRISON,IL,112.0
141330,HOPEDALE HOSPITAL,HOPEDALE,IL,129.0
141332,HILLSBORO AREA HOSPITAL,HILLSBORO,IL,132.0
141333,SARAH D CULBERTSON MEMORIAL HOSPITAL,RUSHVILLE,IL,120.0
141334,ST JOSEPH MEMORIAL HOSPITAL,MURPHYSBORO,IL,144.0
141335,MERCY HARVARD HOSPITAL,HARVARD,IL,116.0
141337,OSF SAINT CLARE MEDICAL CENTER,PRINCETON,IL,107.0
141338,MEMORIAL HOSPITAL,CHESTER,IL,176.0
141339,TAYLORVILLE MEMORIAL HOSPITAL,TAYLORVILLE,IL,114.0
141340,VALLEY WEST COMMUNITY HOSPITAL,SANDWICH,IL,133.0
141341,PANA COMMUNITY HOSPITAL,PANA,IL,147.0
141342,DEACONESS ILLINOIS UNION COUNTY,ANNA,IL,132.0
141343,CRAWFORD MEMORIAL HOSPITAL,ROBINSON,IL,124.0
141344,LAWRENCE COUNTY MEMORIAL HOSPITAL,LAWRENCEVILLE,IL,103.0
141345,SALEM TOWNSHIP HOSPITAL,SALEM,IL,146.0
141347,CARLINVILLE AREA HOSPITAL,CARLINVILLE,IL,125.0
141348,RED BUD REGIONAL HOSPITAL,RED BUD,IL,120.0
141351,CLAY COUNTY HOSPITAL,FLORA,IL,88.0
141352,JACKSONVILLE MEMORIAL HOSPITAL,JACKSONVILLE,IL,195.0
141353,IROQUOIS MEMORIAL HOSPITAL,WATSEKA,IL,140.0
141355,CARLE RICHLAND MEMORIAL HOSPITAL,OLNEY,IL,121.0
150001,JOHNSON MEMORIAL HOSPITAL,FRANKLIN,IN,138.0
150002,METHODIST HOSPITALS INC,GARY,IN,164.0
150005,HENDRICKS REGIONAL HEALTH,DANVILLE,IN,166.0
150006,NORTHWEST HEALTH-LA PORTE,LA PORTE,IN,156.0
150007,COMMUNITY HOWARD REGIONAL HEALTH INC.,KOKOMO,IN,140.0
150008,ST CATHERINE HOSPITAL INC,EAST CHICAGO,IN,136.0
150009,NORTON CLARK HOSPITAL,JEFFERSONVILLE,IN,194.0
150010,ASCENSION ST VINCENT KOKOMO,KOKOMO,IN,172.0
150011,MARION GENERAL HOSPITAL,MARION,IN,121.0
150012,SAINT JOSEPH REGIONAL MEDICAL CENTER,MISHAWAKA,IN,187.0
150015,FRANCISCAN HEALTH MICHIGAN CITY,MICHIGAN CITY,IN,141.0
150017,LUTHERAN HOSPITAL OF INDIANA,FORT WAYNE,IN,211.0
150018,ELKHART GENERAL HOSPITAL,ELKHART,IN,198.0
150021,PARKVIEW REGIONAL MEDICAL CENTER,FORT WAYNE,IN,159.0
150022,FRANCISCAN HEALTH CRAWFORDSVILLE,CRAWFORDSVILLE,IN,101.0
150023,UNION HOSPITAL INC,TERRE HAUTE,IN,181.0
150024,ESKENAZI HEALTH,INDIANAPOLIS,IN,221.0
150026,GOSHEN HOSPITAL,GOSHEN,IN,162.0
150030,HENRY COUNTY MEMORIAL HOSPITAL,NEW CASTLE,IN,155.0
150034,ST MARY MEDICAL CENTER INC,HOBART,IN,166.0
150035,NORTHWEST HEALTH - PORTER,VALPARAISO,IN,144.0
150037,HANCOCK REGIONAL HOSPITAL,GREENFIELD,IN,154.0
150042,GOOD SAMARITAN HOSPITAL,VINCENNES,IN,119.0
150044,BAPTIST HEALTH FLOYD,NEW ALBANY,IN,179.0
150045,PARKVIEW DEKALB HOSPITAL,AUBURN,IN,122.0
150046,TERRE HAUTE REGIONAL HOSPITAL,TERRE HAUTE,IN,137.0
150047,"ST JOSEPH HEALTH SYSTEM, LLC",FORT WAYNE,IN,128.0
150048,REID HEALTH,RICHMOND,IN,158.0
150051,INDIANA UNIVERSITY HEALTH BLOOMINGTON HOSPITAL,BLOOMINGTON,IN,202.0
150056,INDIANA UNIVERSITY HEALTH,INDIANAPOLIS,IN,197.0
150057,FRANCISCAN HEALTH MOORESVILLE,MOORESVILLE,IN,126.0
150058,MEMORIAL HOSPITAL OF SOUTH BEND,SOUTH BEND,IN,189.0
150059,RIVERVIEW HEALTH,NOBLESVILLE,IN,106.0
150061,DAVIESS COMMUNITY HOSPITAL,WASHINGTON,IN,110.0
150065,SCHNECK MEDICAL CENTER,SEYMOUR,IN,157.0
150069,NORTON-KING'S DAUGHTERS' HEALTH,MADISON,IN,172.0
150072,MEMORIAL HOSPITAL,LOGANSPORT,IN,162.0
150074,COMMUNITY HOSPITAL EAST,INDIANAPOLIS,IN,164.0
150075,BLUFFTON REGIONAL MEDICAL CENTER,BLUFFTON,IN,118.0
150076,SAINT JOSEPH REGIONAL MEDICAL CENTER - PLYMOUTH,PLYMOUTH,IN,138.0
150082,DEACONESS HOSPITAL INC,EVANSVILLE,IN,202.0
150084,ASCENSION ST VINCENT HOSPITAL,INDIANAPOLIS,IN,123.0
150086,ST ELIZABETH DEARBORN HOSPITAL,LAWRENCEBURG,IN,146.0
150088,ASCENSION ST VINCENT ANDERSON,ANDERSON,IN,219.0
150089,INDIANA UNIVERSITY HEALTH BALL MEMORIAL HOSPITAL,MUNCIE,IN,245.0
150090,FRANCISCAN HEALTH DYER,DYER,IN,148.0
150091,PARKVIEW HUNTINGTON HOSPITAL,HUNTINGTON,IN,127.0
150097,MAJOR HOSPITAL,SHELBYVILLE,IN,138.0
150100,ASCENSION ST VINCENT EVANSVILLE,EVANSVILLE,IN,166.0
150101,PARKVIEW WHITLEY HOSPITAL,COLUMBIA CITY,IN,124.0
150102,NORTHWEST HEALTH - STARKE,KNOX,IN,118.0
150104,WITHAM HEALTH SERVICES,LEBANON,IN,118.0
150109,FRANCISCAN HEALTH LAFAYETTE,LAFAYETTE,IN,155.0
150112,COLUMBUS REGIONAL HOSPITAL,COLUMBUS,IN,179.0
150113,COMMUNITY HOSPITAL OF ANDERSON AND MADISON COUNTY,ANDERSON,IN,158.0
150115,MEMORIAL HOSPITAL AND HEALTH CARE CENTER,JASPER,IN,186.0
150125,COMMUNITY HOSPITAL,MUNSTER,IN,136.0
150126,FRANCISCAN HEALTH CROWN POINT,CROWN POINT,IN,181.0
150128,"COMMUNITY HOSPITAL SOUTH, INC.",INDIANAPOLIS,IN,196.0
150133,KOSCIUSKO COMMUNITY HOSPITAL,WARSAW,IN,167.0
150146,PARKVIEW NOBLE HOSPITAL,KENDALLVILLE,IN,115.0
150149,THE WOMEN'S HOSPITAL,NEWBURGH,IN,131.0
150150,DUPONT HOSPITAL LLC,FORT WAYNE,IN,128.0
150153,ST VINCENT HEART CENTER,CARMEL,IN,186.0
150157,ASCENSION ST VINCENT CARMEL,CARMEL,IN,181.0
150158,IU HEALTH WEST HOSPITAL,AVON,IN,257.0
150161,INDIANA UNIVERSITY HEALTH NORTH HOSPITAL,CARMEL,IN,210.0
150162,FRANCISCAN HEALTH INDIANAPOLIS,INDIANAPOLIS,IN,203.0
150165,FRANCISCAN HEALTH MUNSTER,MUNSTER,IN,151.0
150169,COMMUNITY HOSPITAL NORTH,INDIANAPOLIS,IN,200.0
150173,INDIANA UNIVERSITY HEALTH ARNETT HOSPITAL,LAFAYETTE,IN,209.0
150181,ASCENSION ST VINCENT FISHERS,FISHERS,IN,132.0
150183,MONROE HOSPITAL,BLOOMINGTON,IN,107.0
150195,UCHICAGO MEDICINE NORTHWEST INDIANA,CROWN POINT,IN,132.0
151300,COMMUNITY HOSPITAL OF BREMEN INC,BREMEN,IN,100.0
151301,ASCENSION ST VINCENT RANDOLPH,WINCHESTER,IN,110.0
151303,ASCENSION ST VINCENT JENNINGS,NORTH VERNON,IN,126.0
151304,RUSH MEMORIAL HOSPITAL,RUSHVILLE,IN,103.0
151305,PULASKI MEMORIAL HOSPITAL,WINAMAC,IN,123.0
151306,INDIANA UNIVERSITY HEALTH PAOLI HOSPITAL,PAOLI,IN,128.0
151307,ASCENSION ST VINCENT WILLIAMSPORT,WILLIAMSPORT,IN,122.0
151308,ASCENSION ST VINCENT MERCY,ELWOOD,IN,104.0
151309,ASCENSION ST VINCENT CLAY,BRAZIL,IN,144.0
151310,"PARKVIEW WABASH HOSPITAL, INC",WABASH,IN,128.0
151311,INDIANA UNIVERSITY HEALTH TIPTON HOSPITAL INC,TIPTON,IN,114.0
151312,INDIANA UNIVERSITY HEALTH WHITE MEMORIAL HOSPITAL,MONTICELLO,IN,126.0
151314,ASCENSION ST VINCENT SALEM,SALEM,IN,124.0
151315,CAMERON MEMORIAL COMMUNITY HOSPITAL INC,ANGOLA,IN,162.0
151316,INDIANA UNIVERSITY HEALTH FRANKFORT INC,FRANKFORT,IN,86.0
151317,GREENE COUNTY GENERAL HOSPITAL,LINTON,IN,124.0
151318,DUKES MEMORIAL HOSPITAL,PERU,IN,124.0
151319,GIBSON GENERAL HOSPITAL,PRINCETON,IN,110.0
151320,"INDIANA UNIVERSITY HEALTH JAY, INC.",PORTLAND,IN,126.0
151322,PERRY COUNTY MEMORIAL HOSPITAL,TELL CITY,IN,140.0
151323,PARKVIEW LAGRANGE HOSPITAL,LAGRANGE,IN,108.0
151324,"FRANCISCAN HEALTH RENSSELAER, INC",RENSSELAER,IN,89.0
151325,ASCENSION ST VINCENT WARRICK,BOONVILLE,IN,94.0
151326,UNION HOSPITAL CLINTON,CLINTON,IN,125.0
151327,SULLIVAN COUNTY COMMUNITY HOSPITAL,SULLIVAN,IN,155.0
151328,INDIANA UNIVERSITY HEALTH BEDFORD HOSPITAL,BEDFORD,IN,197.0
151329,MARGARET MARY COMMUNITY HOSPITAL INC,BATESVILLE,IN,128.0
151330,ADAMS MEMORIAL HOSPITAL,DECATUR,IN,123.0
151331,HARRISON COUNTY HOSPITAL,CORYDON,IN,149.0
151332,DECATUR COUNTY MEMORIAL HOSPITAL,GREENSBURG,IN,112.0
151333,PUTNAM COUNTY HOSPITAL,GREENCASTLE,IN,127.0
151334,NORTON SCOTT HOSPITAL,SCOTTSBURG,IN,133.0
160001,UNITYPOINT HEALTH - MARSHALLTOWN,MARSHALLTOWN,IA,158.0
160013,TRINITY MUSCATINE,MUSCATINE,IA,136.0
160016,TRINITY REGIONAL MEDICAL CENTER,FORT DODGE,IA,168.0
160028,CHI HEALTH MERCY COUNCIL BLUFFS,COUNCIL BLUFFS,IA,172.0
160029,UNIVERSITY OF IOWA HEALTH CARE MEDICAL CENTER DOWN,IOWA CITY,IA,156.0
160030,MARY GREELEY MEDICAL CENTER,AMES,IA,148.0
160032,MERCYONE NEWTON MEDICAL CENTER,NEWTON,IA,161.0
160033,GENESIS MEDICAL CENTER-DAVENPORT,DAVENPORT,IA,169.0
160040,"SARTORI MEMORIAL HOSPITAL, INC",CEDAR FALLS,IA,102.0
160045,ST LUKES HOSPITAL,CEDAR RAPIDS,IA,172.0
160047,METHODIST JENNIE EDMUNDSON,COUNCIL BLUFFS,IA,149.0
160057,SOUTHEAST IOWA REGIONAL MEDICAL CENTER,WEST BURLINGTON,IA,143.0
160058,UNIVERSITY OF IOWA HOSPITAL & CLINICS,IOWA CITY,IA,216.0
160064,MERCYONE NORTH IOWA MEDICAL CENTER,MASON CITY,IA,180.0
160067,MERCYONE WATERLOO MEDICAL CENTER,WATERLOO,IA,231.0
160069,MERCYONE DUBUQUE MEDICAL CENTER,DUBUQUE,IA,214.0
160079,MERCY MEDICAL CENTER - CEDAR RAPIDS,CEDAR RAPIDS,IA,136.0
160080,MERCYONE CLINTON MEDICAL CENTER,CLINTON,IA,116.0
160082,UNITYPOINT HEALTH - DES MOINES IOWA METHODIST MEDI,DES MOINES,IA,188.0
160083,MERCYONE DES MOINES MEDICAL CENTER,DES MOINES,IA,237.0
160089,OTTUMWA REGIONAL HEALTH CENTER,OTTUMWA,IA,177.0
160101,BROADLAWNS MEDICAL CENTER,DES MOINES,IA,202.0
160104,TRINITY - BETTENDORF,BETTENDORF,IA,208.0
160110,ALLEN HOSPITAL,WATERLOO,IA,156.0
160112,SPENCER MUNICIPAL HOSPITAL,SPENCER,IA,115.0
160117,FINLEY HOSPITAL,DUBUQUE,IA,120.0
160124,LAKES REGIONAL HEALTHCARE,SPIRIT LAKE,IA,124.0
160146,ST LUKES REGIONAL MEDICAL CENTER,SIOUX CITY,IA,180.0
160147,GRINNELL REGIONAL MEDICAL CENTER,GRINNELL,IA,110.0
160153,MERCYONE SIOUXLAND MEDICAL CENTER,SIOUX CITY,IA,196.0
161301,IOWA SPECIALTY HOSPITAL - BELMOND,BELMOND,IA,88.0
161302,IOWA SPECIALTY HOSPITAL - CLARION,CLARION,IA,100.0
161303,GRUNDY COUNTY MEMORIAL HOSPITAL,GRUNDY CENTER,IA,84.0
161304,CHI HEALTH - MERCY CORNING,CORNING,IA,130.0
161305,POCAHONTAS COMMUNITY HOSPITAL,POCAHONTAS,IA,122.0
161306,JONES REGIONAL MEDICAL CENTER,ANAMOSA,IA,114.0
161307,HANCOCK COUNTY HEALTH SYSTEM,BRITT,IA,112.0
161308,FRANKLIN GENERAL HOSPITAL,HAMPTON,IA,122.0
161309,CHI HEALTH MISSOURI VALLEY,MISSOURI VALLEY,IA,96.0
161310,ADAIR COUNTY MEMORIAL HOSPITAL,GREENFIELD,IA,144.0
161311,HAWARDEN REGIONAL HEALTHCARE,HAWARDEN,IA,156.0
161312,GUTTENBERG MUNICIPAL HOSPITAL,GUTTENBERG,IA,98.0
161313,GENESIS MEDICAL CENTER-DEWITT,DEWITT,IA,104.0
161314,GUTHRIE COUNTY HOSPITAL,GUTHRIE CENTER,IA,119.0
161316,GUNDERSEN PALMER LUTHERAN HOSPITAL AND CLINICS,WEST UNION,IA,95.0
161317,COMPASS MEMORIAL HEALTHCARE,MARENGO,IA,66.0
161318,VETERANS MEMORIAL HOSPITAL,WAUKON,IA,91.0
161319,MERCYONE ELKADER MEDICAL CENTER,ELKADER,IA,91.0
161320,COMMUNITY MEMORIAL HOSPITAL MEDICAL CENTER,SUMNER,IA,118.0
161321,AVERA MERRILL PIONEER HOSPITAL,ROCK RAPIDS,IA,108.0
161322,DALLAS COUNTY HOSPITAL,PERRY,IA,115.0
161323,MITCHELL COUNTY REGIONAL HEALTH,OSAGE,IA,90.0
161324,GEORGE C GRAPE COMMUNITY HOSPITAL,HAMBURG,IA,106.0
161325,GREENE COUNTY MEDICAL CENTER,JEFFERSON,IA,112.0
161326,MADISON COUNTY HEALTH CARE SYSTEM,WINTERSET,IA,114.0
161327,DAVIS COUNTY HOSPITAL,BLOOMFIELD,IA,95.0
161328,REGIONAL HEALTH SERVICES OF HOWARD COUNTY,CRESCO,IA,86.0
161329,JACKSON COUNTY REGIONAL HEALTH CENTER,MAQUOKETA,IA,80.0
161330,AUDUBON COUNTY MEMORIAL HOSPITAL,AUDUBON,IA,87.0
161331,MERCY MEDICAL CENTER-NEW HAMPTON,NEW HAMPTON,IA,99.0
161332,MANNING REGIONAL HEALTHCARE CENTER,MANNING,IA,109.0
161333,STORY COUNTY HOSPITAL,NEVADA,IA,103.0
161334,HUMBOLDT COUNTY MEMORIAL HOSPITAL,HUMBOLDT,IA,89.0
161335,BUCHANAN COUNTY HEALTH CENTER,INDEPENDENCE,IA,90.0
161336,HEGG MEMORIAL HEALTH CENTER,ROCK VALLEY,IA,100.0
161337,VAN BUREN COUNTY HOSPITAL,KEOSAUQUA,IA,136.0
161339,WAVERLY HEALTH CENTER,WAVERLY,IA,157.0
161340,DECATUR COUNTY HOSPITAL,LEON,IA,106.0
161341,LUCAS COUNTY HEALTH CENTER,CHARITON,IA,110.0
161342,MONROE COUNTY HOSPITAL,ALBIA,IA,130.0
161343,REGIONAL MEDICAL CENTER,MANCHESTER,IA,151.0
161344,WASHINGTON COUNTY HOSPITAL AND CLINICS,WASHINGTON,IA,98.0
161345,OSCEOLA COMMUNITY HOSPITAL,SIBLEY,IA,118.0
161346,SIOUX CENTER HEALTH,SIOUX CENTER,IA,123.0
161347,FLOYD COUNTY MEDICAL CENTER,CHARLES CITY,IA,146.0
161348,CLARKE COUNTY HOSPITAL,OSCEOLA,IA,100.0
161349,VIRGINIA GAY HOSPITAL,VINTON,IA,77.0
161350,STEWART MEMORIAL COMMUNITY HOSPITAL,LAKE CITY,IA,127.0
161351,AVERA HOLY FAMILY HOSPITAL,ESTHERVILLE,IA,112.0
161352,CLARINDA REGIONAL HEALTH CENTER,CLARINDA,IA,154.0
161353,KOSSUTH REGIONAL HEALTH CENTER,ALGONA,IA,95.0
161354,HORN MEMORIAL HOSPITAL,IDA GROVE,IA,100.0
161355,KNOXVILLE HOSPITAL & CLINICS,KNOXVILLE,IA,147.0
161356,HENRY COUNTY HEALTH CENTER,MOUNT PLEASANT,IA,99.0
161357,PALO ALTO COUNTY HOSPITAL,EMMETSBURG,IA,105.0
161359,BURGESS HEALTH CENTER,ONAWA,IA,138.0
161361,VAN DIEST MEDICAL CENTER,WEBSTER CITY,IA,107.0
161362,CHEROKEE REGIONAL MEDICAL CENTER,CHEROKEE,IA,128.0
161363,MONTGOMERY COUNTY MEMORIAL HOSPITAL,RED OAK,IA,111.0
161364,JEFFERSON COUNTY HEALTH CENTER,FAIRFIELD,IA,108.0
161365,GREATER REGIONAL MEDICAL CENTER,CRESTON,IA,94.0
161366,SHENANDOAH MEDICAL CENTER,SHENANDOAH,IA,113.0
161367,PELLA REGIONAL HEALTH CENTER,PELLA,IA,154.0
161368,FLOYD VALLEY HEALTHCARE,LE MARS,IA,164.0
161369,CRAWFORD COUNTY MEMORIAL HOSPITAL,DENISON,IA,119.0
161370,LORING HOSPITAL,SAC CITY,IA,110.0
161371,WINNMED,DECORAH,IA,128.0
161372,BOONE COUNTY HOSPITAL,BOONE,IA,112.0
161373,RINGGOLD COUNTY HOSPITAL,MOUNT AYR,IA,126.0
161374,MYRTUE MEDICAL CENTER,HARLAN,IA,56.0
161375,BUENA VISTA REGIONAL MEDICAL CENTER,STORM LAKE,IA,146.0
161376,CASS COUNTY MEMORIAL HOSPITAL,ATLANTIC,IA,90.0
161377,MERCYONE CENTERVILLE MEDICAL CENTER,CENTERVILLE,IA,118.0
161378,MERCYONE DYERSVILLE MEDICAL CENTER,DYERSVILLE,IA,109.0
161379,MAHASKA  HEALTH PARTNERSHIP,OSKALOOSA,IA,148.0
161380,HANSEN FAMILY HOSPITAL,IOWA FALLS,IA,102.0
161381,SANFORD SHELDON MEDICAL CENTER,SHELDON,IA,108.0
161382,ST ANTHONY REGIONAL HOSPITAL & NURSING HOME,CARROLL,IA,129.0
170006,"MERCY HOSPITAL PITTSBURG, INC",PITTSBURG,KS,132.0
170009,SAINT JOHN HOSPITAL,LEAVENWORTH,KS,120.0
170012,SALINA REGIONAL HEALTH CENTER,SALINA,KS,136.0
170013,HAYS MEDICAL CENTER,HAYS,KS,118.0
170014,ADVENTHEALTH OTTAWA,OTTAWA,KS,91.0
170016,UNIVERSITY OF KANSAS HEALTH SYSTEM - ST FRANCIS CAMPUS,TOPEKA,KS,234.0
170017,SUSAN B ALLEN MEMORIAL HOSPITAL,EL DORADO,KS,102.0
170020,HUTCHINSON REGIONAL MEDICAL CENTER INC,HUTCHINSON,KS,172.0
170023,ST. CATHERINE HOSPITAL - GARDEN CITY,GARDEN CITY,KS,128.0
170027,PRATT REGIONAL MEDICAL CENTER,PRATT,KS,97.0
17002F,Irwin ACH (FT Riley),Fort Riley,KS,139.0
170040,UNIVERSITY OF KANSAS HOSPITAL,KANSAS CITY,KS,307.0
170049,UNIVERSITY OF KANSAS HEALTH SYSTEM OLATHE HOSPITAL,OLATHE,KS,224.0
170068,SOUTHWEST MEDICAL CENTER,LIBERAL,KS,160.0
170074,"STORMONT VAIL HEALTH FLINT HILLS, LLC",JUNCTION CITY,KS,91.0
170086,STORMONT VAIL HOSPITAL,TOPEKA,KS,208.0
170103,NMC HEALTH,NEWTON,KS,143.0
170104,ADVENTHEALTH SHAWNEE MISSION,SHAWNEE MISSION,KS,137.0
170105,MCPHERSON HOSPITAL,MCPHERSON,KS,110.0
170109,MIAMI COUNTY MEDICAL CENTER,PAOLA,KS,138.0
170120,LABETTE HEALTH,PARSONS,KS,117.0
170122,"ASCENSION VIA CHRISTI HOSPITALS WICHITA, INC.",WICHITA,KS,133.0
170123,WESLEY MEDICAL CENTER,WICHITA,KS,127.0
170137,LMH,LAWRENCE,KS,222.0
170142,"ASCENSION VIA CHRISTI HOSPITAL MANHATTAN, INC",MANHATTAN,KS,146.0
170146,PROVIDENCE MEDICAL CENTER,KANSAS CITY,KS,119.0
170175,CENTURA ST. CATHERINE-DODGE CITY,DODGE CITY,KS,128.0
170176,OVERLAND PARK REG MED CTR,OVERLAND PARK,KS,131.0
170182,MENORAH MEDICAL CENTER,OVERLAND PARK,KS,153.0
170185,SAINT LUKE'S SOUTH HOSPITAL,OVERLAND PARK,KS,97.0
170191,UNIVERSITY  OF KS HLTH SYSTEM GREAT BEND CAMPUS,GREAT BEND,KS,110.0
170197,KANSAS MEDICAL CENTER LLC,ANDOVER,KS,167.0
170200,"VIA CHRISTI HOSPITAL WICHITA ST TERESA, INC",WICHITA,KS,147.0
170204,"ROCK REGIONAL HOSPITAL, LLC",DERBY,KS,106.0
170208,"ADVENTHEALTH SOUTH OVERLAND PARK, INC",OVERLAND PARK,KS,122.0
171300,GRISELL MEMORIAL HOSPITAL,RANSOM,KS,100.0
171301,ELLINWOOD DISTRICT HOSPITAL,ELLINWOOD,KS,133.0
171303,LANE COUNTY HOSPITAL,DIGHTON,KS,85.0
171304,ASHLAND HEALTH CENTER,ASHLAND,KS,124.0
171306,WICHITA COUNTY HEALTH CENTER,LEOTI,KS,130.0
171307,RAWLINS COUNTY HEALTH CENTER,ATWOOD,KS,133.0
171308,MERCY HOSPITAL COLUMBUS,COLUMBUS,KS,87.0
171309,JEWELL COUNTY HOSPITAL,MANKATO,KS,91.0
171310,CHEYENNE COUNTY HOSPITAL,ST FRANCIS,KS,118.0
171311,ROOKS COUNTY HEALTH CENTER,PLAINVILLE,KS,86.0
171312,COMANCHE COUNTY HOSPITAL,COLDWATER,KS,82.0
171313,KEARNY COUNTY HOSPITAL,LAKIN,KS,134.0
171314,F W HUSTON MEDICAL CENTER,WINCHESTER,KS,195.0
171315,NEMAHA VALLEY COMMUNITY HOSPITAL,SENECA,KS,105.0
171316,ANDERSON COUNTY HOSPITAL,GARNETT,KS,88.0
171317,EDWARDS COUNTY MEDICAL CENTER,KINSLEY,KS,107.0
171318,SEDAN CITY HOSPITAL,SEDAN,KS,67.0
171319,HOLTON COMMUNITY HOSPITAL,HOLTON,KS,135.0
171321,MEADE DISTRICT HOSPITAL,MEADE,KS,140.0
171322,HAMILTON COUNTY HOSPITAL,SYRACUSE,KS,87.0
171323,STAFFORD COUNTY HOSPITAL,STAFFORD,KS,113.0
171324,"SATANTA DISTRICT HOSPITAL, CLINICS, & LTCU",SATANTA,KS,99.0
171325,GRAHAM COUNTY HOSPITAL,HILL CITY,KS,138.0
171326,LOGAN COUNTY HOSPITAL,OAKLEY,KS,108.0
171327,ELLSWORTH COUNTY MEDICAL CENTER,ELLSWORTH,KS,125.0
171328,OTTAWA COUNTY HEALTH CENTER,MINNEAPOLIS,KS,114.0
171329,CALDWELL REGIONAL MEDICAL CENTER,CALDWELL,KS,120.0
171330,HOSPITAL DISTRICT #1 OF RICE COUNTY,LYONS,KS,88.0
171331,KIOWA DISTRICT HOSPITAL,KIOWA,KS,70.0
171332,KIOWA COUNTY MEMORIAL HOSPITAL,GREENSBURG,KS,126.0
171333,CLARA BARTON HOSPITAL,HOISINGTON,KS,143.0
171334,MEDICINE LODGE MEMORIAL HOSPITAL,MEDICINE LODGE,KS,75.0
171335,STEVENS COUNTY HOSPITAL,HUGOTON,KS,152.0
171336,NESS COUNTY HOSPITAL DISTRICT #2,NESS CITY,KS,105.0
171337,WAMEGO HEALTH CENTER,WAMEGO,KS,114.0
171338,GREAT PLAINS OF SABETHA,SABETHA,KS,135.0
171339,GREENWOOD COUNTY HOSPITAL,EUREKA,KS,125.0
171341,HIAWATHA COMMUNITY HOSPITAL,HIAWATHA,KS,100.0
171343,STANTON COUNTY HOSPITAL,JOHNSON,KS,128.0
171344,WILSON MEDICAL CENTER,NEODESHA,KS,110.0
171345,PAWNEE VALLEY COMMUNITY HOSPITAL,LARNED,KS,94.0
171346,HOSPITAL DISTRICT #6 PATTERSON HEALTH CENTER,ANTHONY,KS,97.0
171347,SHERIDAN COUNTY HOSPITAL,HOXIE,KS,131.0
171348,NORTON COUNTY HOSPITAL,NORTON,KS,110.0
171349,CLOUD COUNTY HEALTH CENTER,CONCORDIA,KS,118.0
171350,RUSSELL REGIONAL HOSPITAL,RUSSELL,KS,72.0
171351,WASHINGTON COUNTY HOSPITAL,WASHINGTON,KS,98.0
171352,DECATUR HEALTH,MONUMENT,KS,122.0
171353,PHILLIPS COUNTY HOSPITAL,PHILLIPSBURG,KS,110.0
171354,"COMMUNITY HOSPITAL, ONAGA AND ST MARYS CAMPUS",ONAGA,KS,134.0
171355,TREGO COUNTY LEMKE MEMORIAL HOSPITAL,WAKEENEY,KS,118.0
171356,ST LUKE HOSPITAL & LIVING CENTER,MARION,KS,116.0
171357,HILLSBORO COMMUNITY HOSPITAL,HILLSBORO,KS,106.0
171358,LINDSBORG COMMUNITY HOSPITAL,LINDSBORG,KS,111.0
171359,GREELEY COUNTY HEALTH SERVICES,TRIBUNE,KS,138.0
171360,LINCOLN COUNTY HOSPITAL,LINCOLN,KS,136.0
171361,REPUBLIC COUNTY HOSPITAL,BELLEVILLE,KS,100.0
171362,CITIZENS MEDICAL CENTER,COLBY,KS,174.0
171363,"COMMUNITY MEMORIAL HEALTHCARE, INC.",MARYSVILLE,KS,107.0
171364,OSBORNE COUNTY MEMORIAL HOSPITAL,OSBORNE,KS,112.0
171365,HANOVER HOSPITAL,HANOVER,KS,96.0
171367,GOVE COUNTY MEDICAL CENTER,QUINTER,KS,86.0
171368,MINNEOLA DISTRICT HOSPITAL,MINNEOLA,KS,127.0
171369,HODGEMAN COUNTY HEALTH CENTER,JETMORE,KS,104.0
171370,GOODLAND REGIONAL MEDICAL CENTER,GOODLAND,KS,122.0
171371,CLAY COUNTY MEDICAL CENTER,CLAY CENTER,KS,125.0
171372,SCOTT COUNTY HOSPITAL,SCOTT CITY,KS,102.0
171373,ALLEN COUNTY REGIONAL HOSPITAL,IOLA,KS,110.0
171374,FREDONIA REGIONAL HOSPITAL,FREDONIA,KS,119.0
171375,MITCHELL COUNTY HOSPITAL HEALTH SYSTEMS,BELOIT,KS,136.0
171376,GIRARD MEDICAL CENTER,GIRARD,KS,120.0
171377,SMITH COUNTY MEMORIAL HOSPITAL,SMITH CENTER,KS,106.0
171378,KINGMAN HEALTHCARE CENTER,KINGMAN,KS,96.0
171379,MORRIS COUNTY HOSPITAL,COUNCIL GROVE,KS,122.0
171380,NEOSHO MEMORIAL REGIONAL MEDICAL CENTER,CHANUTE,KS,118.0
171381,MEMORIAL HOSPITAL,ABILENE,KS,120.0
171382,AMBERWELL ATCHISON ASSOCIATION,ATCHISON,KS,115.0
171383,WILLIAM NEWTON HOSPITAL,WINFIELD,KS,138.0
171384,NEWMAN REGIONAL HEALTH,EMPORIA,KS,133.0
171385,COFFEY COUNTY HOSPITAL,BURLINGTON,KS,89.0
171386,MORTON COUNTY HOSPITAL,ELKHART,KS,118.0
171388,BOB WILSON MEMORIAL HOSPITAL,ULYSSES,KS,80.0
180001,ST ELIZABETH FT THOMAS,FORT THOMAS,KY,150.0
180002,WHITESBURG ARH HOSPITAL,WHITESBURG,KY,158.0
180004,OWENSBORO HEALTH MUHLENBERG COMMUNITY HOSPITAL,GREENVILLE,KY,144.0
180005,HIGHLANDS ARH REGIONAL MEDICAL CENTER,PRESTONSBURG,KY,192.0
180009,KING'S DAUGHTERS' MEDICAL CENTER,ASHLAND,KY,201.0
180010,SAINT JOSEPH HOSPITAL,LEXINGTON,KY,139.0
180011,SAINT JOSEPH LONDON,LONDON,KY,201.0
180012,BAPTIST HEALTH HARDIN,ELIZABETHTOWN,KY,202.0
180013,THE MEDICAL CENTER (BOWLING GREEN),BOWLING GREEN,KY,213.0
180016,UOFL HEALTH - SHELBYVILLE HOSPITAL,SHELBYVILLE,KY,121.0
180017,T J SAMSON COMMUNITY HOSPITAL,GLASGOW,KY,178.0
180018,ST CLAIRE REGIONAL MEDICAL CENTER,MOREHEAD,KY,195.0
180019,MEADOWVIEW REGIONAL MEDICAL CENTER,MAYSVILLE,KY,142.0
180020,MIDDLESBORO ARH HOSPITAL,MIDDLESBORO,KY,168.0
180024,SPRING VIEW HOSPITAL,LEBANON,KY,160.0
180025,CHI SAINT JOSEPH FLAGET MEMORIAL HOSPITAL,BARDSTOWN,KY,145.0
180027,MURRAY-CALLOWAY COUNTY HOSPITAL,MURRAY,KY,146.0
180029,HAZARD ARH REGIONAL MEDICAL CENTER,HAZARD,KY,177.0
180035,ST ELIZABETH EDGEWOOD,EDGEWOOD,KY,130.0
180038,OWENSBORO HEALTH REGIONAL HOSPITAL,OWENSBORO,KY,204.0
18003F,Blanchfield ACH (FT Campbell),Fort Campbell,KY,153.0
180040,UOFL HEALTH - JEWISH HOSPITAL and Mary & Elizabeth Hospital,LOUISVILLE,KY,148.0
180043,AdventHealthManchester,MANCHESTER,KY,136.0
180044,PIKEVILLE MEDICAL CENTER,PIKEVILLE,KY,218.0
180045,ST ELIZABETH FLORENCE,FLORENCE,KY,148.0
180046,BOURBON COMMUNITY HOSPITAL,PARIS,KY,110.0
180048,EPHRAIM MCDOWELL REGIONAL MEDICAL CENTER,DANVILLE,KY,140.0
180049,BAPTIST HEALTH RICHMOND,RICHMOND,KY,148.0
180050,HARLAN ARH HOSPITAL,HARLAN,KY,186.0
180051,JENNIE STUART MEDICAL CENTER,HOPKINSVILLE,KY,158.0
180056,DEACONESS HENDERSON HOSPITAL,HENDERSON,KY,127.0
180064,SAINT JOSEPH MOUNT STERLING,MOUNT STERLING,KY,129.0
180066,The Medical Center at Russellville,RUSSELLVILLE,KY,122.0
180067,UNIVERSITY OF KENTUCKY HOSPITAL,LEXINGTON,KY,225.0
180069,TUG VALLEY ARH REGIONAL MEDICAL CENTER,SOUTH WILLIAMSON,KY,180.0
180070,OWENSBORO HEALTH TWIN LAKES MEDICAL CENTER,LEITCHFIELD,KY,113.0
180078,PAINTSVILLE ARH HOSPITAL,PAINTSVILLE,KY,178.0
180079,HARRISON MEMORIAL HOSPITAL,CYNTHIANA,KY,150.0
180080,BAPTIST HEALTH CORBIN,CORBIN,KY,204.0
180087,TAYLOR REGIONAL HOSPITAL,CAMPBELLSVILLE,KY,138.0
180088,"NORTON HOSPITALS, INC",LOUISVILLE,KY,203.0
180092,CLARK REGIONAL MEDICAL CENTER,WINCHESTER,KY,155.0
180093,BAPTIST HEALTH DEACONESS MADISONVILLE,MADISONVILLE,KY,186.0
180101,GEORGETOWN COMMUNITY HOSPITAL,GEORGETOWN,KY,136.0
180102,MERCY HEALTH - LOURDES HOSPITAL,PADUCAH,KY,171.0
180103,BAPTIST HEALTH LEXINGTON,LEXINGTON,KY,181.0
180104,BAPTIST HEALTH PADUCAH,PADUCAH,KY,181.0
180105,MONROE COUNTY MEDICAL CENTER,TOMPKINSVILLE,KY,118.0
180115,"ROCKCASTLE COUNTY HOSPITAL, INC.",MOUNT VERNON,KY,144.0
180116,JACKSON PURCHASE MEDICAL CENTER,MAYFIELD,KY,129.0
180124,TRISTAR GREENVIEW REGIONAL HOSPITAL,BOWLING GREEN,KY,156.0
180127,FRANKFORT REGIONAL MEDICAL CENTER,FRANKFORT,KY,166.0
180128,THREE RIVERS MEDICAL CENTER,LOUISA,KY,152.0
180130,BAPTIST HEALTH LOUISVILLE,LOUISVILLE,KY,188.0
180132,LAKE CUMBERLAND REGIONAL HOSPITAL,SOMERSET,KY,168.0
180138,BAPTIST HEALTH LAGRANGE,LA GRANGE,KY,138.0
180141,UNIVERSITY OF LOUISVILLE HOSPITAL,LOUISVILLE,KY,196.0
180143,SAINT JOSEPH EAST,LEXINGTON,KY,142.0
180149,TJ HEALTH COLUMBIA,COLUMBIA,KY,116.0
180154,"PINEVILLE COMMUNITY HEALTH CENTER, INC",PINEVILLE,KY,132.0
181301,MARCUM AND WALLACE MEMORIAL HOSPITAL,IRVINE,KY,123.0
181302,THE JAMES B. HAGGIN MEMORIAL HOSPITAL,HARRODSBURG,KY,100.0
181304,TRIGG COUNTY HOSPITAL,CADIZ,KY,144.0
181305,ARH OUR LADY OF THE WAY,MARTIN,KY,82.0
181306,METHODIST HOSPITAL UNION COUNTY,MORGANFIELD,KY,106.0
181307,MORGAN COUNTY ARH HOSPITAL,WEST LIBERTY,KY,127.0
181308,BLUEGRASS COMMUNITY HOSPITAL,VERSAILLES,KY,95.0
181309,CASEY COUNTY HOSPITAL,LIBERTY,KY,98.0
181310,CARROLL COUNTY MEMORIAL HOSPITAL,CARROLLTON,KY,110.0
181311,ST ELIZABETH GRANT,WILLIAMSTOWN,KY,106.0
181315,EPHRAIM MCDOWELL FORT LOGAN HOSPITAL,STANFORD,KY,104.0
181316,MARY BRECKINRIDGE ARH HOSPITAL,HYDEN,KY,99.0
181317,CUMBERLAND COUNTY HOSPITAL,BURKESVILLE,KY,93.0
181319,BRECKINRIDGE MEMORIAL HOSPITAL,HARDINSBURG,KY,98.0
181320,"LIVINGSTON HOSPITAL AND HEALTHCARE SERVICES, INC",SALEM,KY,98.0
181323,OHIO COUNTY HOSPITAL,HARTFORD,KY,115.0
181325,JANE TODD CRAWFORD HOSPITAL,GREENSBURG,KY,138.0
181327,MARSHALL COUNTY HOSPITAL,BENTON,KY,98.0
181328,KNOX COUNTY HOSPITAL,BARBOURVILLE,KY,126.0
181329,CHI SAINT JOSEPH BEREA NF,BEREA,KY,126.0
181331,MCDOWELL ARH HOSPITAL,MC DOWELL,KY,91.0
181334,KENTUCKY RIVER MEDICAL CENTER,JACKSON,KY,121.0
190002,OCHSNER LAFAYETTE GENERAL MEDICAL CENTER,LAFAYETTE,LA,158.0
190004,THIBODAUX REGIONAL MEDICAL CENTER,THIBODAUX,LA,176.0
190005,UNIVERSITY MEDICAL CENTER NEW ORLEANS,NEW ORLEANS,LA,362.0
190006,OCHSNER UNIVERSITY HOSPITAL AND CLINICS,LAFAYETTE,LA,130.0
190007,NATCHITOCHES REGIONAL MEDICAL CENTER,NATCHITOCHES,LA,156.0
190008,TERREBONNE GENERAL MEDICAL CENTER - PARISH,HOUMA,LA,150.0
190011,OCHSNER LSU HEALTH MONROE,MONROE,LA,158.0
190013,WEST CALCASIEU CAMERON HOSPITAL,SULPHUR,LA,126.0
190014,OCHSNER ST MARY,MORGAN CITY,LA,78.0
190015,NORTH OAKS MEDICAL CENTER,HAMMOND,LA,180.0
190017,OPELOUSAS GENERAL HEALTH SYSTEM,OPELOUSAS,LA,134.0
190019,CHRISTUS ST FRANCES CABRINI HOSPITAL,ALEXANDRIA,LA,208.0
190020,LANE REGIONAL MEDICAL CENTER,ZACHARY,LA,191.0
190025,SAVOY MEDICAL CENTER,MAMOU,LA,107.0
190026,RAPIDES REGIONAL MEDICAL CENTER,ALEXANDRIA,LA,131.0
190027,CHRISTUS OCHSNER ST PATRICK HOSPITAL,LAKE CHARLES,LA,146.0
190034,ABBEVILLE GENERAL HOSPITAL,ABBEVILLE,LA,115.0
190036,OCHSNER MEDICAL CENTER ACUTE,NEW ORLEANS,LA,167.0
190039,WEST JEFFERSON MEDICAL CENTER,MARRERO,LA,161.0
190040,SLIDELL MEMORIAL HOSPITAL,SLIDELL,LA,200.0
190041,CHRISTUS SHREVEPORT-BOSSIER HEALTH SYSTEM,SHREVEPORT,LA,156.0
190044,ACADIA GENERAL HOSPITAL,CROWLEY,LA,109.0
190045,ST TAMMANY PARISH HOSPITAL,COVINGTON,LA,178.0
190046,TOURO INFIRMARY,NEW ORLEANS,LA,161.0
190050,BEAUREGARD MEMORIAL HOSPITAL,DERIDDER,LA,182.0
190053,OCHSNER AMERICAN LEGION HOSPITAL,JENNINGS,LA,106.0
190054,IBERIA MEDICAL CENTER,NEW IBERIA,LA,122.0
190060,LAKE CHARLES MEMORIAL HOSPITAL,LAKE CHARLES,LA,204.0
190064,OUR LADY OF THE LAKE REGIONAL MEDICAL CENTER,BATON ROUGE,LA,161.0
190065,BATON ROUGE GENERAL MEDICAL CENTER,BATON ROUGE,LA,211.0
190079,ST CHARLES PARISH HOSPITAL,LULING,LA,120.0
190086,NORTHERN LOUISIANA MEDICAL CENTER,RUSTON,LA,129.0
190088,SPRINGHILL MEDICAL CENTER,SPRINGHILL,LA,106.0
190090,WINN PARISH MEDICAL CENTER,WINNFIELD,LA,100.0
190098,OCHSNER LSU HEALTH SHREVEPORT,SHREVEPORT,LA,241.0
190099,AVOYELLES HOSPITAL,MARKSVILLE,LA,79.0
190102,"OUR LADY OF LOURDES REGIONAL MEDICAL CENTER, INC",LAFAYETTE,LA,147.0
190106,OAKDALE COMMUNITY HOSPITAL,OAKDALE,LA,118.0
190111,WILLIS KNIGHTON MEDICAL CENTER,SHREVEPORT,LA,181.0
190114,CLAIBORNE MEMORIAL MEDICAL CENTER,HOMER,LA,100.0
190116,MOREHOUSE GENERAL HOSPITAL,BASTROP,LA,103.0
190118,DESOTO REGIONAL HEALTH SYSTEM,MANSFIELD,LA,107.0
190125,ST FRANCIS MEDICAL CENTER,MONROE,LA,219.0
190128,WOMANS HOSPITAL,BATON ROUGE,LA,145.0
190133,ALLEN PARISH HOSPITAL,KINDER,LA,101.0
190140,FRANKLIN MEDICAL CENTER,WINNSBORO,LA,149.0
190144,MINDEN MEDICAL CENTER,MINDEN,LA,125.0
190145,LASALLE GENERAL HOSPITAL,JENA,LA,130.0
190151,RICHARDSON MEDICAL CENTER,RAYVILLE,LA,58.0
190160,GLENWOOD REGIONAL MEDICAL CENTER,WEST MONROE,LA,152.0
190164,BYRD REGIONAL HOSPITAL,LEESVILLE,LA,123.0
190167,MERCY REGIONAL MEDICAL CENTER,VILLE PLATTE,LA,130.0
190176,EAST JEFFERSON GENERAL HOSPITAL,METAIRIE,LA,164.0
190183,LEONARD J CHABERT MEDICAL CENTER,HOUMA,LA,122.0
190184,CITIZENS MEDICAL CENTER,COLUMBIA,LA,121.0
190201,CHRISTUS OCHSNER LAKE AREA HOSPITAL,LAKE CHARLES,LA,131.0
190202,OCHSNER MEDICAL CENTER - BATON ROUGE,BATON ROUGE,LA,170.0
190208,EAST CARROLL PARISH HOSPITAL,LAKE PROVIDENCE,LA,81.0
190218,SABINE MEDICAL CENTER,MANY,LA,130.0
190274,OCHSNER MEDICAL CENTER-KENNER,KENNER,LA,157.0
190308,ST BERNARD PARISH HOSPITAL,CHALMETTE,LA,173.0
190312,OUR LADY OF THE ANGELS HOSPITAL,BOGALUSA,LA,130.0
190313,NEW ORLEANS EAST HOSPITAL,NEW ORLEANS,LA,142.0
190316,THE GENERAL,BATON ROUGE,LA,172.0
190318,ACADIAN MEDICAL CENTER,EUNICE,LA,110.0
19050F,Bayne-Jones ACH (Ft Johnson),Fort Johnson,LA,95.0
191300,ST HELENA PARISH HOSPITAL,GREENSBURG,LA,74.0
191301,UNION GENERAL HOSPITAL,FARMERVILLE,LA,108.0
191302,OCHSNER ST MARTIN HOSPITAL,BREAUX BRIDGE,LA,102.0
191304,NORTH CADDO MEDICAL CENTER,VIVIAN,LA,115.0
191305,ST JAMES PARISH HOSPITAL,LUTCHER,LA,106.0
191306,WEST FELICIANA PARISH HOSPITAL,SAINT FRANCISVILLE,LA,90.0
191307,DEQUINCY MEMORIAL HOSPITAL,DEQUINCY,LA,100.0
191309,HOOD MEMORIAL HOSPITAL,AMITE,LA,83.0
191310,BAYOU BEND HEALTH SYSTEM,FRANKLIN,LA,80.0
191311,BUNKIE GENERAL HOSPITAL,BUNKIE,LA,74.0
191313,RIVERSIDE MEDICAL CENTER,FRANKLINTON,LA,117.0
191314,MADISON PARISH HOSPITAL,TALLULAH,LA,118.0
191315,HARDTNER MEDICAL CENTER,OLLA,LA,90.0
191316,POINTE COUPEE GENERAL HOSPITAL,NEW ROADS,LA,126.0
191317,JACKSON PARISH HOSPITAL,JONESBORO,LA,127.0
191320,BIENVILLE MEDICAL CENTER,ARCADIA,LA,93.0
191321,LALLIE KEMP MEDICAL CENTER,INDEPENDENCE,LA,111.0
191322,ABROM KAPLAN MEMORIAL HOSPITAL,KAPLAN,LA,82.0
191323,RICHLAND PARISH HOSPITAL-DELHI,DELHI,LA,159.0
191324,OCHSNER ST ANNE GENERAL HOSPITAL,RACELAND,LA,116.0
191325,LADY OF THE SEA GENERAL HOSPITAL,CUT OFF,LA,55.0
191326,REEVES MEMORIAL MEDICAL CENTER,BERNICE,LA,126.0
191327,WEST CARROLL MEMORIAL HOSPITAL,OAK GROVE,LA,145.0
200001,ST JOSEPH HOSPITAL,BANGOR,ME,188.0
200008,NORTHERN LIGHT MERCY HOSPITAL,PORTLAND,ME,208.0
200009,MAINEHEALTH MAINE MEDICAL CENTER,PORTLAND,ME,215.0
200018,NORTHERN LIGHT  A R GOULD HOSPITAL,PRESQUE ISLE,ME,206.0
200020,YORK HOSPITAL,YORK,ME,167.0
200021,MAINEHEALTH MID COAST HOSPITAL,BRUNSWICK,ME,205.0
200024,CENTRAL MAINE MEDICAL CENTER,LEWISTON,ME,242.0
200031,CARY MEDICAL CENTER,CARIBOU,ME,146.0
200033,NORTHERN LIGHT EASTERN MAINE MEDICAL CENTER,BANGOR,ME,220.0
200034,ST MARY'S REGIONAL MEDICAL CENTER,LEWISTON,ME,143.0
200039,MAINE GENERAL MEDICAL CENTER,AUGUSTA,ME,196.0
200050,NORTHERN LIGHT MAINE COAST HOSPITAL,ELLSWORTH,ME,209.0
200063,MAINEHEALTH PEN BAY HOSPITAL,ROCKPORT,ME,166.0
201300,NORTHERN LIGHT BLUE HILL MEMORIAL HOSPITAL,BLUE HILL,ME,120.0
201301,NORTHERN LIGHT C A DEAN HOSPITAL,GREENVILLE,ME,90.0
201302,LINCOLNHEALTH,DAMARISCOTTA,ME,137.0
201303,PENOBSCOT VALLEY HOSPITAL,LINCOLN,ME,119.0
201304,MOUNT DESERT ISLAND HOSPITAL,BAR HARBOR,ME,128.0
201305,CALAIS COMMUNITY HOSPITAL,CALAIS,ME,160.0
201306,RUMFORD  HOSPITAL,RUMFORD,ME,102.0
201308,HOULTON REGIONAL HOSPITAL,HOULTON,ME,184.0
201309,NORTHERN LIGHT MAYO HOSPITAL,DOVER FOXCROFT,ME,146.0
201310,BRIDGTON HOSPITAL,BRIDGTON,ME,116.0
201311,DOWN EAST COMMUNITY HOSPITAL,MACHIAS,ME,182.0
201312,MAINEHEALTH WALDO HOSPITAL,BELFAST,ME,139.0
201313,NORTHERN LIGHT SEBASTICOOK VALLEY HOSPITAL,PITTSFIELD,ME,174.0
201314,REDINGTON FAIRVIEW GENERAL HOSPITAL,SKOWHEGAN,ME,130.0
201315,MAINEHEALTH STEPHENS HOSPITAL,NORWAY,ME,118.0
201316,MAINEHEALTH FRANKLIN HOSPITAL,FARMINGTON,ME,163.0
201317,NORTHERN MAINE MEDICAL CENTER,FORT KENT,ME,140.0
210001,MERITUS MEDICAL CENTER,HAGERSTOWN,MD,241.0
210002,UNIVERSITY OF MARYLAND MEDICAL CENTER,BALTIMORE,MD,325.0
210003,UNIVERSITY OF MD CAPITAL REGION MEDICAL CENTER,UPPER MARLBORO,MD,252.0
210004,HOLY CROSS HOSPITAL,SILVER SPRING,MD,323.0
210005,FREDERICK HEALTH HOSPITAL,FREDERICK,MD,233.0
210008,MERCY MEDICAL CENTER INC,BALTIMORE,MD,228.0
210009,"JOHNS HOPKINS HOSPITAL, THE",BALTIMORE,MD,308.0
210012,SINAI HOSPITAL OF BALTIMORE,BALTIMORE,MD,244.0
210015,MEDSTAR FRANKLIN SQUARE MEDICAL CENTER,ROSEDALE,MD,399.0
210016,ADVENTIST HEALTHCARE WHITE OAK MEDICAL CENTER,SILVER SPRING,MD,343.0
210017,GARRETT REGIONAL MEDICAL CENTER,OAKLAND,MD,134.0
210018,MEDSTAR MONTGOMERY MEDICAL CENTER,OLNEY,MD,252.0
210019,"TIDALHEALTH PENINSULA REGIONAL, INC",SALISBURY,MD,182.0
210022,SUBURBAN HOSPITAL,BETHESDA,MD,224.0
210023,"LUMINIS HEALTH ANNE ARUNDEL MEDICAL CENTER, INC",ANNAPOLIS,MD,249.0
210024,MEDSTAR UNION MEMORIAL HOSPITAL,BALTIMORE,MD,217.0
210027,WESTERN MARYLAND REGIONAL MEDICAL CENTER,CUMBERLAND,MD,230.0
210028,MEDSTAR SAINT MARY'S HOSPITAL,LEONARDTOWN,MD,239.0
210029,JOHNS HOPKINS BAYVIEW MEDICAL CENTER,BALTIMORE,MD,332.0
210030,UNIVERSITY OF MD SHORE MEDICAL CTR AT CHESTERTOWN,CHESTERTOWN,MD,166.0
210032,UNION HOSPITAL OF CECIL COUNTY,ELKTON,MD,242.0
210033,CARROLL HOSPITAL CENTER,WESTMINSTER,MD,216.0
210034,MEDSTAR HARBOR HOSPITAL,BALTIMORE,MD,216.0
210035,UNIVERSITY OF MD CHARLES REGIONAL  MEDICAL CENTER,LA PLATA,MD,296.0
210037,UNIVERSITY OF MD SHORE MEDICAL CENTER AT EASTON,EASTON,MD,178.0
210038,UNIVERSITY OF MD MEDICAL CENTER MIDTOWN CAMPUS,BALTIMORE,MD,249.0
210039,CALVERTHEALTH MEDICAL CENTER,PRINCE FREDERICK,MD,201.0
210040,NORTHWEST HOSPITAL CENTER,RANDALLSTOWN,MD,256.0
210044,GREATER BALTIMORE MEDICAL CENTER,BALTIMORE,MD,237.0
210048,JOHNS HOPKINS HOWARD COUNTY MEDICAL CENTER,COLUMBIA,MD,259.0
210049,UMD UPPER CHESAPEAKE MEDICAL CENTER,BEL AIR,MD,266.0
210051,"LUMINIS HEALTH DOCTORS COMMUNITY MEDICAL CTR, INC",LANHAM,MD,271.0
210056,MEDSTAR GOOD SAMARITAN HOSPITAL,BALTIMORE,MD,224.0
210057,ADVENTIST HEALTHCARE SHADY GROVE MEDICAL CENTER,ROCKVILLE,MD,203.0
210060,ADVENTIST HEALTHCARE FORT WASHINGTON MEDICAL CTR,FORT WASHINGTON,MD,220.0
210061,ATLANTIC GENERAL HOSPITAL,BERLIN,MD,147.0
210062,MEDSTAR SOUTHERN MARYLAND HOSPITAL CENTER,CLINTON,MD,386.0
210063,UNIVERSITY OF MD ST JOSEPH MEDICAL CENTER,TOWSON,MD,288.0
210065,HOLY CROSS GERMANTOWN HOSPITAL,GERMANTOWN,MD,248.0
21007F,Walter Reed National Military Med Cen,Bethesda,MD,184.0
220001,UMASS MEMORIAL HEALTHALLIANCE HOSPITALS,LEOMINSTER,MA,253.0
220002,MOUNT AUBURN HOSPITAL,CAMBRIDGE,MA,210.0
220008,STURDY MEMORIAL HOSPITAL,ATTLEBORO,MA,203.0
220010,LAWRENCE GENERAL HOSPITAL,LAWRENCE,MA,242.0
220011,CAMBRIDGE HEALTH ALLIANCE,CAMBRIDGE,MA,176.0
220012,CAPE COD HOSPITAL,HYANNIS,MA,199.0
220015,"COOLEY DICKINSON HOSPITAL INC,THE",NORTHAMPTON,MA,252.0
220016,BAYSTATE FRANKLIN MEDICAL CENTER,GREENFIELD,MA,200.0
220019,UMASS MEMORIAL HEALTH - HARRINGTON HOSPITAL,SOUTHBRIDGE,MA,213.0
220020,SAINT ANNE'S HOSPITAL,FALL RIVER,MA,192.0
220024,HOLYOKE MEDICAL CENTER,HOLYOKE,MA,278.0
220029,ANNA JAQUES HOSPITAL,NEWBURYPORT,MA,190.0
220030,BAYSTATE WING HOSPITAL,PALMER,MA,202.0
220031,BOSTON MEDICAL CENTER,BOSTON,MA,256.0
220033,NORTHEAST HOSPITAL CORPORATION,BEVERLY,MA,192.0
220035,NORTH SHORE MEDICAL CENTER -,SALEM,MA,292.0
220036,BOSTON MEDICAL CENTER-BRIGHTON,BRIGHTON,MA,149.0
220046,BERKSHIRE MEDICAL CENTER,PITTSFIELD,MA,240.0
220049,UMASS MEMORIAL HEALTHCARE-MARLBOROUGH HOSPITAL,MARLBOROUGH,MA,238.0
220052,SIGNATURE HEALTHCARE BROCKTON HOSPITAL,BROCKTON,MA,208.0
220060,BETH ISRAEL DEACONESS HOSPITAL PLYMOUTH,PLYMOUTH,MA,249.0
220063,LOWELL GENERAL HOSPITAL,LOWELL,MA,242.0
220065,BAYSTATE NOBLE HOSPITAL,WESTFIELD,MA,216.0
220066,MERCY MEDICAL CTR,SPRINGFIELD,MA,281.0
220070,MELROSEWAKEFIELD HEALTHCARE,MELROSE,MA,208.0
220071,MASSACHUSETTS GENERAL HOSPITAL,BOSTON,MA,288.0
220073,BROWN UNIVERSITY HEALTH MORTON HOSPITAL,TAUNTON,MA,213.0
220074,SOUTHCOAST HOSPITALS GROUP,FALL RIVER,MA,202.0
220075,MASSACHUSETTS EYE AND EAR INFIRMARY -,BOSTON,MA,173.0
220077,BAYSTATE MEDICAL CENTER,SPRINGFIELD,MA,280.0
220080,HOLY FAMILY HOSPITAL,METHUEN,MA,224.0
220083,BETH ISRAEL DEACONESS HOSPITAL - NEEDHAM,NEEDHAM,MA,208.0
220084,EMERSON HOSPITAL -,W CONCORD,MA,202.0
220086,BETH ISRAEL DEACONESS MEDICAL CENTER,BOSTON,MA,351.0
220090,MILFORD REGIONAL MEDICAL CENTER,MILFORD,MA,272.0
220095,HEYWOOD HOSPITAL -,GARDNER,MA,193.0
220100,SOUTH SHORE HOSPITAL,SOUTH WEYMOUTH,MA,246.0
220101,NEWTON-WELLESLEY HOSPITAL,NEWTON,MA,274.0
220105,WINCHESTER HOSPITAL,WINCHESTER,MA,237.0
220108,BETH ISRAEL DEACONESS HOSPITAL - MILTON,MILTON,MA,240.0
220110,BRIGHAM AND WOMEN'S HOSPITAL,BOSTON,MA,325.0
220111,GOOD SAMARITAN MEDICAL CENTER,BROCKTON,MA,276.0
220116,TUFTS MEDICAL CENTER,BOSTON,MA,232.0
220119,BRIGHAM AND WOMEN FAULKNER HOSPITAL,JAMAICA PLAIN,MA,266.0
220135,FALMOUTH HOSPITAL,FALMOUTH,MA,160.0
220163,UMASS MEMORIAL MEDICAL CENTER/UNIVERSITY CAMPUS,WORCESTER,MA,291.0
220171,"LAHEY HOSPITAL & MEDICAL CENTER, BURLINGTON",BURLINGTON,MA,238.0
220175,METROWEST MEDICAL CENTER,FRAMINGHAM,MA,240.0
220176,ST VINCENT HOSPITAL,WORCESTER,MA,232.0
220177,NANTUCKET COTTAGE HOSPITAL,NANTUCKET,MA,105.0
221300,MARTHA'S VINEYARD HOSPITAL INC,OAK BLUFFS,MA,149.0
221302,FAIRVIEW HOSPITAL,GREAT BARRINGTON,MA,115.0
221303,ATHOL MEMORIAL HOSPITAL,ATHOL,MA,177.0
221304,NORTH ADAMS REGIONAL HOSPITAL CORPORATION,NORTH ADAMS,MA,163.0
230002,ST JOE MERCY HOSPITAL SYSTEM LIVONIA,LIVONIA,MI,253.0
230003,COREWELL HEALTH ZEELAND HOSPITAL,ZEELAND,MI,140.0
230005,PROMEDICA CHARLES AND VIRGINIA HICKMAN HOSPITAL,ADRIAN,MI,174.0
230015,THREE RIVERS HEALTH,THREE RIVERS,MI,143.0
230017,BRONSON METHODIST HOSPITAL,KALAMAZOO,MI,232.0
230019,"ASCENSION PROVIDENCE HOSPITAL, SOUTHFIELD AND NOVI",SOUTHFIELD,MI,195.0
230020,BEAUMONT HOSPITAL - DEARBORN,DEARBORN,MI,204.0
230021,"LAKELAND HOSPITAL, ST JOSEPH",ST JOSEPH,MI,166.0
230022,INSIGHT HOSPITAL AND MEDICAL CENTER COLDWATER,COLDWATER,MI,142.0
230024,SINAI-GRACE HOSPITAL,DETROIT,MI,151.0
230029,TRINITY HEALTH OAKLAND HOSPITAL,PONTIAC,MI,200.0
230030,MYMICHIGAN MEDICAL CENTER ALMA,ALMA,MI,217.0
230031,LAKE HURON MEDICAL CENTER,PORT HURON,MI,167.0
230035,SPECTRUM HEALTH UNITED HOSPITAL,GREENVILLE,MI,140.0
230036,MYMICHIGAN MEDICAL CENTER ALPENA,ALPENA,MI,240.0
230037,HILLSDALE HOSPITAL,HILLSDALE,MI,190.0
230038,SPECTRUM HEALTH,GRAND RAPIDS,MI,160.0
230041,MCLAREN BAY REGION,BAY CITY,MI,175.0
230046,UNIVERSITY OF MICHIGAN HEALTH SYSTEM,ANN ARBOR,MI,362.0
230047,HENRY FORD MACOMB HOSPITAL,CLINTON TOWNSHIP,MI,284.0
230053,HENRY FORD HEALTH HOSPITAL,DETROIT,MI,208.0
230054,UPHS MARQUETTE DLP HOSPITAL,MARQUETTE,MI,198.0
230055,DICKINSON COUNTY MEMORIAL HOSPITAL,IRON MOUNTAIN,MI,160.0
230058,MUNSON HEALTHCARE GRAYLING HOSPITAL,GRAYLING,MI,190.0
230059,MERCY HEALTH SAINT MARY'S,GRAND RAPIDS,MI,146.0
230066,TRINITY HEALTH MUSKEGON HOSPITAL,MUSKEGON,MI,202.0
230069,TRINITY HEALTH LIVINGSTON HOSPITAL,HOWELL,MI,162.0
230070,COVENANT MEDICAL CENTER,SAGINAW,MI,216.0
230072,HOLLAND COMMUNITY HOSPITAL,HOLLAND,MI,156.0
230075,BRONSON BATTLE CREEK HOSPITAL,BATTLE CREEK,MI,190.0
230077,ASCENSION ST MARY'S HOSPITAL,SAGINAW,MI,179.0
230078,COREWELL HEALTH WATERVLIET HOSPITAL,WATERVLIET,MI,108.0
230080,MCLAREN CENTRAL MICHIGAN,MOUNT PLEASANT,MI,142.0
230081,MUNSON HEALTHCARE CADILLAC HOSPITAL,CADILLAC,MI,161.0
230085,BRONSON SOUTH HAVEN HOSPITAL,SOUTH HAVEN,MI,140.0
230089,BEAUMONT HOSPITAL - GROSSE POINTE,GROSSE POINTE,MI,162.0
230092,HENRY FORD ALLEGIANCE HEALTH,JACKSON,MI,199.0
230093,COREWELL HEALTH BIG RAPIDS HOSPITAL,BIG RAPIDS,MI,140.0
230095,MYMICHIGAN MEDICAL CENTER WEST BRANCH,WEST BRANCH,MI,190.0
230097,MUNSON MEDICAL CENTER,TRAVERSE CITY,MI,282.0
230099,PROMEDICA MONROE REGIONAL HOSPITAL,MONROE,MI,162.0
230100,TAWAS ST JOSEPH HOSPITAL,TAWAS CITY,MI,130.0
230104,HARPER UNIVERSITY HOSPITAL,DETROIT,MI,156.0
230105,MCLAREN NORTHERN MICHIGAN,PETOSKEY,MI,146.0
230108,UP HEALTH SYSTEM PORTAGE,HANCOCK,MI,147.0
230110,COREWELL HEALTH LUDINGTON HOSPITAL,LUDINGTON,MI,134.0
230117,BORGESS MEDICAL CENTER,KALAMAZOO,MI,213.0
230121,MEMORIAL HEALTHCARE,OWOSSO,MI,193.0
230130,BEAUMONT HOSPITAL ROYAL OAK,ROYAL OAK,MI,269.0
230132,HURLEY MEDICAL CENTER,FLINT,MI,158.0
230133,MUNSON HEALTHCARE OTSEGO MEMORIAL HOSPITAL,GAYLORD,MI,188.0
230141,MCLAREN FLINT,FLINT,MI,191.0
230142,COREWELL HEALTH WAYNE HOSPITAL,WAYNE,MI,156.0
230146,WYANDOTTE HOSPITAL AND MEDICAL CENTER,WYANDOTTE,MI,163.0
230151,BEAUMONT HOSPITAL - FARMINGTON HILLS,FARMINGTON HILLS,MI,172.0
230156,TRINITY HEALTH ANN ARBOR HOSPITAL,ANN ARBOR,MI,226.0
230165,HENRY FORD HEALTH ST JOHN HOSPITAL,DETROIT,MI,172.0
230167,MCLAREN GREATER LANSING,LANSING,MI,263.0
230174,TRINITY HEALTH GRAND HAVEN HOSPITAL,GRAND HAVEN,MI,92.0
230176,COREWELL HEALTH TRENTON HOSPITAL,TRENTON,MI,198.0
230180,MYMICHIGAN MEDICAL CENTER CLARE,CLARE,MI,155.0
230193,MCLAREN LAPEER REGION,LAPEER,MI,194.0
230195,Henry Ford Health Warren Hospital,WARREN,MI,209.0
230197,ASCENSION GENESYS HOSPITAL,GRAND BLANC,MI,241.0
230207,MCLAREN OAKLAND,PONTIAC,MI,111.0
230208,UNIVERSITY OF MICHIGAN HEALTH-SPARROW CARSON,CARSON CITY,MI,96.0
230216,MCLAREN PORT HURON,PORT HURON,MI,212.0
230217,OAKLAWN HOSPITAL,MARSHALL,MI,152.0
230222,MYMICHIGAN MEDICAL CENTER MIDLAND,MIDLAND,MI,162.0
230227,MCLAREN MACOMB,MOUNT CLEMENS,MI,168.0
230230,EDWARD W SPARROW HOSPITAL,LANSING,MI,303.0
230236,UNIVERSITY OF MICHIGAN HEALTH - WEST,WYOMING,MI,177.0
230239,CHIPPEWA COUNTY WAR MEMORIAL HOSPITAL,SAULT STE MARIE,MI,146.0
230241,ASCENSION RIVER DISTRICT HOSPITAL,EAST CHINA,MI,129.0
230244,GARDEN CITY HOSPITAL,GARDEN CITY,MI,113.0
230254,ASCENSION PROVIDENCE ROCHESTER HOSPITAL,ROCHESTER,MI,204.0
230259,CHELSEA HOSPITAL,CHELSEA,MI,214.0
230269,"BEAUMONT HOSPITAL, TROY",TROY,MI,218.0
230270,BEAUMONT HOSPITAL - TAYLOR,TAYLOR,MI,188.0
230273,DETROIT RECEIVING HOSPITAL,DETROIT,MI,148.0
230277,HURON VALLEY-SINAI HOSPITAL,COMMERCE TOWNSHIP,MI,148.0
230302,HENRY FORD HEALTH WEST BLOOMFIELD HOSPITAL,W BLOOMFIELD,MI,256.0
230303,MUNSON HEALTHCARE MANISTEE HOSPITAL,MANISTEE,MI,117.0
231300,PAUL OLIVER MEMORIAL HOSPITAL,FRANKFORT,MI,105.0
231301,KALKASKA MEMORIAL HEALTH CENTER,KALKASKA,MI,111.0
231303,SCHOOLCRAFT MEMORIAL HOSPITAL,MANISTIQUE,MI,156.0
231304,HELEN NEWBERRY JOY HOSPITAL,NEWBERRY,MI,107.0
231305,SAINT MARY'S STANDISH COMMUNITY HOSPITAL,STANDISH,MI,109.0
231306,MACKINAC STRAITS HOSPITAL AND HEALTH CENTER,SAINT IGNACE,MI,123.0
231307,BARAGA COUNTY MEMORIAL HOSPITAL,L' ANSE,MI,124.0
231308,MUNISING MEMORIAL HOSPITAL,MUNISING,MI,119.0
231310,SCHEURER HOSPITAL,PIGEON,MI,104.0
231311,DECKERVILLE COMMUNITY HOSPITAL,DECKERVILLE,MI,82.0
231312,SHERIDAN COMMUNITY HOSPITAL,SHERIDAN,MI,70.0
231313,HARBOR BEACH COMMUNITY HOSPITAL,HARBOR BEACH,MI,93.0
231314,MCKENZIE HEALTH SYSTEM,SANDUSKY,MI,128.0
231315,ASCENSION BORGESS LEE HOSPITAL,DOWAGIAC,MI,78.0
231316,HILLS & DALES GENERAL HOSPITAL,CASS CITY,MI,95.0
231318,"ASPIRUS IRON RIVER HOSPITAL & CLINICS, INC",IRON RIVER,MI,119.0
231319,ASPIRUS KEWEENAW HOSPITAL AND CLINICS,LAURIUM,MI,100.0
231320,MERCY HEALTH LAKESHORE CAMPUS,SHELBY,MI,102.0
231321,BELL HOSPITAL,ISHPEMING,MI,130.0
231322,CHARLEVOIX AREA HOSPITAL,CHARLEVOIX,MI,129.0
231323,COREWELL HEALTH REED CITY HOSPITAL,REED CITY,MI,101.0
231324,EATON RAPIDS MEDICAL CENTER,EATON RAPIDS,MI,121.0
231325,MYMICHIGAN MEDICAL CENTER GLADWIN,GLADWIN,MI,137.0
231326,SPARROW CLINTON HOSPITAL,SAINT JOHNS,MI,180.0
231327,UNIVERSITY OF MICHIGAN HEALTH - SPARROW EATON,CHARLOTTE,MI,158.0
231328,ASCENSION BORGESS ALLEGAN HOSPITAL,ALLEGAN,MI,88.0
231329,MCLAREN CARO REGION,CARO,MI,65.0
231330,MARLETTE REGIONAL HOSPITAL,MARLETTE,MI,106.0
231331,SPARROW IONIA HOSPITAL,IONIA,MI,166.0
231332,BRONSON LAKEVIEW HOSPITAL,PAW PAW,MI,157.0
231333,ASPIRUS IRONWOOD HOSPITAL,IRONWOOD,MI,136.0
231337,OSF ST FRANCIS HOSPITAL AND MEDICAL GROUP,ESCANABA,MI,141.0
231338,COREWELL HEALTH GERBER HOSPITAL,FREMONT,MI,145.0
231339,COREWELL HEALTH PENNOCK HOSPITAL,HASTINGS,MI,128.0
231340,MCLAREN THUMB REGION,BAD AXE,MI,106.0
240001,NORTH MEMORIAL HEALTH HOSPITAL,ROBBINSDALE,MN,194.0
240002,ESSENTIA HEALTH ST MARY'S MEDICAL CENTER,DULUTH,MN,204.0
240004,HENNEPIN COUNTY MEDICAL CENTER,MINNEAPOLIS,MN,254.0
240006,OLMSTED MEDICAL CENTER,ROCHESTER,MN,121.0
240010,MAYO CLINIC HOSPITAL ROCHESTER,ROCHESTER,MN,246.0
240014,NORTHFIELD HOSPITAL,NORTHFIELD,MN,142.0
240018,MAYO CLINIC HEALTH SYSTEM IN RED WING,RED WING,MN,158.0
240020,CAMBRIDGE MEDICAL CENTER,CAMBRIDGE,MN,152.0
240022,SANFORD WORTHINGTON MEDICAL CENTER,WORTHINGTON,MN,117.0
240030,ALOMERE HEALTH,ALEXANDRIA,MN,131.0
240036,ST CLOUD HOSPITAL,SAINT CLOUD,MN,210.0
240038,ALLINA UNITED HOSPITAL,SAINT PAUL,MN,176.0
240040,RANGE REGIONAL HEALTH SERVICES,HIBBING,MN,174.0
240043,MAYO CLINIC HEALTH SYSTEM - ALBERT LEA AND AUSTIN,ALBERT LEA,MN,135.0
240044,WINONA HEALTH SERVICES,WINONA,MN,142.0
240047,ST LUKES HOSPITAL,DULUTH,MN,212.0
240050,FAIRVIEW LAKES HEALTH SERVICES,WYOMING,MN,182.0
240052,LAKE REGION HEALTHCARE CORPORATION,FERGUS FALLS,MN,141.0
240053,PARK NICOLLET METHODIST HOSPITAL,SAINT LOUIS PARK,MN,243.0
240056,RIDGEVIEW MEDICAL CENTER,WACONIA,MN,137.0
240057,ABBOTT NORTHWESTERN HOSPITAL,MINNEAPOLIS,MN,187.0
240064,GRAND ITASCA CLINIC AND HOSPITAL,GRAND RAPIDS,MN,155.0
240066,LAKEVIEW MEMORIAL HOSPITAL,STILLWATER,MN,154.0
240069,OWATONNA HOSPITAL,OWATONNA,MN,120.0
240071,ALLINA HEALTH FARIBAULT MEDICAL CENTER,FARIBAULT,MN,142.0
240075,ESSENTIA HEALTH ST JOSEPH'S MEDICAL CENTER,BRAINERD,MN,126.0
240076,BUFFALO HOSPITAL,BUFFALO,MN,135.0
240078,M HEALTH FAIRVIEW SOUTHDALE HOSPITAL,EDINA,MN,206.0
240080,M HEALTH FAIRVIEW UNIVERSITY OF MN MEDICAL CENTER,MINNEAPOLIS,MN,168.0
240084,ESSENTIA HEALTH VIRGINIA,VIRGINIA,MN,152.0
240088,CENTRACARE- RICE MEMORIAL HOSPITAL,WILLMAR,MN,135.0
240093,MAYO CLINIC HEALTH SYSTEM - MANKATO,MANKATO,MN,202.0
240100,SANFORD BEMIDJI MEDICAL CENTER,BEMIDJI,MN,170.0
240101,ESSENTIA HEALTH ST MARYS - DETROIT LAKES,DETROIT LAKES,MN,135.0
240104,ST FRANCIS REGIONAL MEDICAL CENTER,SHAKOPEE,MN,148.0
240106,REGIONS HOSPITAL,SAINT PAUL,MN,220.0
240115,MERCY HOSPITAL,COON RAPIDS,MN,172.0
240141,FAIRVIEW NORTHLAND REGIONAL HOSPITAL,PRINCETON,MN,139.0
240166,MAYO CLINIC HEALTH SYSTEM - FAIRMONT,FAIRMONT,MN,89.0
240187,HUTCHINSON HEALTH,HUTCHINSON,MN,137.0
240206,RED LAKE HOSPITAL,REDLAKE,MN,82.0
240207,M HEALTH FAIRVIEW RIDGES HOSPITAL,BURNSVILLE,MN,189.0
240210,M HEALTH FAIRVIEW ST JOHN'S HOSPITAL,MAPLEWOOD,MN,195.0
240213,M HEALTH FAIRVIEW WOODWINDS HOSPITAL,WOODBURY,MN,174.0
240214,MAPLE GROVE HOSPITAL,MAPLE GROVE,MN,181.0
241301,LAKEWOOD HEALTH CENTER,BAUDETTE,MN,125.0
241302,SANFORD WESTBROOK MEDICAL CENTER,WESTBROOK,MN,107.0
241303,SANFORD TRACY MEDICAL CENTER,TRACY,MN,119.0
241304,SANFORD WHEATON MEDICAL CENTER,WHEATON,MN,103.0
241305,RIVERWOOD HEALTHCARE CENTER,AITKIN,MN,108.0
241306,OLIVIA HOSPITAL & CLINIC,OLIVIA,MN,129.0
241308,LAKE VIEW MEMORIAL HOSPITAL,TWO HARBORS,MN,135.0
241309,ESSENTIA HEALTH SANDSTONE,SANDSTONE,MN,106.0
241311,RIDGEVIEW SIBLEY MEDICAL CENTER,ARLINGTON,MN,119.0
241312,COOK HOSPITAL,COOK,MN,121.0
241313,ESSENTIA HEALTH ADA,ADA,MN,97.0
241314,JOHNSON MEMORIAL HOSPITAL,DAWSON,MN,120.0
241315,SANFORD JACKSON MEDICAL CENTER,JACKSON,MN,130.0
241316,BIGFORK VALLEY HOSPITAL,BIGFORK,MN,126.0
241317,NORTH SHORE HEALTH,GRAND MARAIS,MN,121.0
241318,ELY - BLOOMENSON COMMUNITY HOSPITAL,ELY,MN,101.0
241319,MURRAY COUNTY MEMORIAL HOSPITAL,SLAYTON,MN,120.0
241320,RIVERVIEW HOSPITAL,CROOKSTON,MN,78.0
241321,ESSENTIA HEALTH HOLY TRINITY HOSPITAL,GRACEVILLE,MN,126.0
241322,RAINY LAKE MEDICAL CENTER,INTERNATIONAL FALLS,MN,133.0
241323,MADELIA HEALTH,MADELIA,MN,134.0
241325,CHIPPEWA COUNTY HOSPITAL,MONTEVIDEO,MN,115.0
241326,CENTRACARE HEALTH SYSTEM - LONG PRAIRIE,LONG PRAIRIE,MN,131.0
241327,SLEEPY EYE MEDICAL CENTER,SLEEPY EYE,MN,109.0
241328,SANFORD BAGLEY MEDICAL CENTER,BAGLEY,MN,149.0
241329,LAKEWOOD HEALTH SYSTEM,STAPLES,MN,127.0
241330,CENTRACARE HEALTH SYSTEM - MELROSE HOSPITAL,MELROSE,MN,140.0
241332,WINDOM AREA HEALTH,WINDOM,MN,109.0
241333,MAYO CLINIC HEALTH SYSTEM ST. JAMES,ST JAMES,MN,98.0
241334,RIVER'S EDGE HOSPITAL & CLINIC,ST PETER,MN,119.0
241335,ST ELIZABETH MEDICAL CENTER,WABASHA,MN,88.0
241336,KITTSON HEALTHCARE,HALLOCK,MN,107.0
241337,NORTH VALLEY HEALTH CENTER,WARREN,MN,113.0
241338,MAYO CLINIC HEALTH SYSTEM - LAKE CITY,LAKE CITY,MN,113.0
241339,HENDRICKS COMMUNITY HOSPITAL,HENDRICKS,MN,102.0
241340,ESSENTIA HEALTH NORTHERN PINES MEDICAL CENTER,AURORA,MN,110.0
241341,APPLETON AREA HEALTH,APPLETON,MN,138.0
241342,ORTONVILLE AREA HEALTH SERVICES,ORTONVILLE,MN,118.0
241343,AVERA GRANITE FALLS,GRANITE FALLS,MN,105.0
241344,LIFECARE MEDICAL CENTER,ROSEAU,MN,126.0
241345,MAYO CLINIC HEALTH SYSTEM - WASECA,WASECA,MN,97.0
241346,MAYO CLINIC HEALTH SYSTEM - CANNON FALLS,CANNON FALLS,MN,93.0
241347,SANFORD CANBY MEDICAL CENTER,CANBY,MN,100.0
241348,AVERA TYLER HOSPITAL,TYLER,MN,104.0
241349,CENTRACARE HEALTH PAYNESVILLE LLC,PAYNESVILLE,MN,132.0
241350,ESSENTIA HEALTH MOOSE LAKE,MOOSE LAKE,MN,112.0
241351,CENTRACARE - REDWOOD,REDWOOD FALLS,MN,123.0
241353,CUYUNA REGIONAL MEDICAL CENTER,CROSBY,MN,102.0
241354,ASTERA HEALTH,WADENA,MN,134.0
241355,GLENCOE REGIONAL HEALTH,GLENCOE,MN,162.0
241356,MILLE LACS HEALTH SYSTEM,ONAMIA,MN,45.0
241357,ESSENTIA HEALTH FOSSTON,FOSSTON,MN,88.0
241358,CASS LAKE INDIAN HEALTH SERVICES HOSPITAL,CASS LAKE,MN,64.0
241359,AVERA MARSHALL REGIONAL MEDICAL CTR,MARSHALL,MN,131.0
241360,ESSENTIA HEALTH DEER RIVER,DEER RIVER,MN,92.0
241361,MAYO CLINIC HEALTH SYSTEM NEW PRAGUE,NEW PRAGUE,MN,118.0
241362,CENTRACARE HEALTH - MONTICELLO,MONTICELLO,MN,130.0
241363,STEVENS COMMUNITY MEDICAL CENTER,MORRIS,MN,166.0
241364,COMMUNITY MEMORIAL HOSPITAL,CLOQUET,MN,127.0
241365,CENTRACARE - BENSON,BENSON,MN,108.0
241366,MEEKER MEMORIAL HOSPITAL,LITCHFIELD,MN,121.0
241367,WELIA HEALTH,MORA,MN,138.0
241368,CENTRACARE HEALTH SYSTEM - SAUK CENTRE,SAUK CENTRE,MN,110.0
241369,UNITED HOSPITAL DISTRICT,BLUE EARTH,MN,128.0
241370,ST GABRIELS HOSPITAL,LITTLE FALLS,MN,135.0
241371,SANFORD LUVERNE MEDICAL CENTER,LUVERNE,MN,121.0
241372,MADISON HOSPITAL,MADISON,MN,103.0
241373,PERHAM HEALTH,PERHAM,MN,132.0
241374,PIPESTONE COUNTY  MEDICAL CENTER,PIPESTONE,MN,130.0
241375,MINNESOTA VALLEY HEALTH CENTER  INC,LE SUEUR,MN,116.0
241376,GLACIAL RIDGE HOSPITAL,GLENWOOD,MN,148.0
241377,ST FRANCIS MEDICAL CENTER,BRECKENRIDGE,MN,124.0
241378,NEW ULM MEDICAL CENTER,NEW ULM,MN,92.0
241379,PRAIRIE RIDGE HOSPITAL AND HEALTH SERVICES,ELBOW LAKE,MN,130.0
241380,ST JOSEPHS AREA  HEALTH SERVICES,PARK RAPIDS,MN,152.0
241381,SANFORD THIEF RIVER FALLS MEDICAL CENTER,THIEF RIVER FALLS,MN,106.0
250001,UNIVERSITY OF MISSISSIPPI MED CENTER,JACKSON,MS,174.0
250002,TISHOMINGO HEALTH SERVICES INC,IUKA,MS,109.0
250004,NORTH MISSISSIPPI MEDICAL CENTER,TUPELO,MS,208.0
250006,BAPTIST MEMORIAL HOSPITAL UNION COUNTY,NEW ALBANY,MS,140.0
250007,Memorial Hospital Biloxi,BILOXI,MS,157.0
250009,MAGNOLIA REGIONAL HEALTH CENTER,CORINTH,MS,150.0
250019,MEMORIAL HOSPITAL AT GULFPORT,GULFPORT,MS,158.0
250020,WEBSTER GENERAL HOSPITAL/ SWING BED,EUPORA,MS,93.0
250025,NORTH MISSISSIPPI MEDICAL CENTER-GILMORE AMORY,AMORY,MS,150.0
250027,WINSTON MEDICAL CENTER,LOUISVILLE,MS,110.0
250031,MERIT HEALTH RIVER REGION,VICKSBURG,MS,121.0
250034,BAPTIST MEMORIAL HOSPITAL NORTH MS,OXFORD,MS,148.0
250036,GEORGE REGIONAL HEALTH SYSTEM,LUCEDALE,MS,126.0
250038,MERIT HEALTH MADISON,CANTON,MS,123.0
250040,SINGING RIVER HEALTH SYSTEM,PASCAGOULA,MS,173.0
250042,NORTHWEST MISSISSISSIPPI REGIONAL MEDICAL CENTER,CLARKSDALE,MS,165.0
250043,NESHOBA COUNTY GENERAL HOSPITAL,PHILADELPHIA,MS,98.0
250044,BAPTIST MEMORIAL HOSPITAL BOONEVILLE,BOONEVILLE,MS,107.0
250048,ST DOMINIC-JACKSON MEMORIAL HOSPITAL,JACKSON,MS,250.0
250050,OCH REGIONAL MEDICAL CENTER,STARKVILLE,MS,141.0
250057,KING'S DAUGHTERS MEDICAL CENTER-BROOKHAVEN,BROOKHAVEN,MS,136.0
250058,SOUTH CENTRAL REG MED CTR,LAUREL,MS,134.0
250067,CLAY COUNTY MEDICAL CORPORATION,WEST POINT,MS,114.0
250069,OCHSNER RUSH HOSPITAL,MERIDIAN,MS,169.0
250072,MERIT HEALTH CENTRAL,JACKSON,MS,91.0
250077,WAYNE GENERAL HOSPITAL,WAYNESBORO,MS,136.0
250078,FORREST GENERAL HOSPITAL,HATTIESBURG,MS,217.0
250082,DELTA HEALTH SYSTEM - THE MEDICAL CENTER,GREENVILLE,MS,253.0
250084,MERIT HEALTH NATCHEZ,NATCHEZ,MS,180.0
250085,MARION GENERAL HOSPITAL,COLUMBIA,MS,129.0
250093,BOLIVAR MEDICAL CENTER,CLEVELAND,MS,134.0
250094,MERIT HEALTH WESLEY,HATTIESBURG,MS,145.0
250095,SOUTH SUNFLOWER COUNTY HOSPITAL,INDIANOLA,MS,188.0
250096,CROSSGATES RIVER OAKS HOSPITAL,BRANDON,MS,96.0
250097,SOUTHWEST MS REGIONAL MEDICAL CENTER,MCCOMB,MS,127.0
250099,GREENWOOD LEFLORE HOSPITAL,GREENWOOD,MS,176.0
250100,BMH-GOLDEN TRIANGLE,COLUMBUS,MS,140.0
250102,MISSISSIPPI BAPTIST MEDICAL CENTER,JACKSON,MS,211.0
250104,ANDERSON REGIONAL MEDICAL CENTER,MERIDIAN,MS,193.0
250117,HIGHLAND COMMUNITY  HOSPITAL,PICAYUNE,MS,134.0
250123,SINGING RIVER GULFPORT,GULFPORT,MS,160.0
250124,MAGEE GENERAL HOSPITAL,MAGEE,MS,79.0
250127,CHOCTAW HEALTH CENTER,PHILADELPHIA,MS,102.0
250138,MERIT HEALTH RIVER OAKS,FLOWOOD,MS,138.0
250141,BAPTIST MEMORIAL HOSPITAL DESOTO,SOUTHAVEN,MS,254.0
250162,OCHSNER MEDICAL CENTER-HANCOCK,BAY SAINT LOUIS,MS,150.0
250167,METHODIST HEALTHCARE - OLIVE BRANCH HOSPITAL,OLIVE BRANCH,MS,217.0
250168,UNIVERSITY OF MISSISSIPPI MEDICAL CENTER- GRENADA,GRENADA,MS,110.0
250172,HIGHLAND HILLS MEDICAL CENTER,SENATOBIA,MS,128.0
25039F,81st Medical Group (Keesler AFB),Biloxi,MS,114.0
251300,S E LACKEY MEMORIAL HOSPITAL,FOREST,MS,118.0
251304,TALLAHATCHIE GENERAL HOSPITAL-CAH,CHARLESTON,MS,103.0
251308,PONTOTOC HEALTH SERVICE INC CAH,PONTOTOC,MS,96.0
251309,FIELD HEALTH SYSTEM,CENTREVILLE,MS,141.0
251312,TYLER HOLMES MEMORIAL HOSPITAL CAH,WINONA,MS,106.0
251313,BAPTIST MEDICAL CENTER-YAZOO,YAZOO CITY,MS,90.0
251315,BAPTIST MEDICAL CENTER-LEAKE,CARTHAGE,MS,93.0
251316,OCHSNER WATKINS HOSPITAL,QUITMAN,MS,81.0
251317,SIMPSON GENERAL HOSPITAL CAH,MENDENHALL,MS,102.0
251319,HOLMES COUNTY HOSPITAL AND CLINICS,LEXINGTON,MS,103.0
251322,OCHSNER LAIRD HOSPITAL,UNION,MS,94.0
251323,OCHSNER SCOTT REGIONAL,MORTON,MS,76.0
251325,COVINGTON COUNTY HOSPITAL CAH,COLLINS,MS,72.0
251330,FRANKLIN COUNTY MEMORIAL HOSPITAL,MEADVILLE,MS,96.0
251331,BMH-CALHOUN,CALHOUN CITY,MS,89.0
251334,CHOCTAW REGIONAL MEDICAL CENTER,ACKERMAN,MS,108.0
251335,OCHSNER STENNIS MEMORIAL HOSPITAL,DE KALB,MS,90.0
251336,BAPTIST MEDICAL CENTER ATTALA,KOSCIUSKO,MS,72.0
251337,TIPPAH COUNTY HOSPITAL,RIPLEY,MS,83.0
260001,MERCY HOSPITAL JOPLIN,JOPLIN,MO,234.0
260005,SSM ST JOSEPH HEALTH CENTER,SAINT CHARLES,MO,169.0
260006,MOSAIC LIFE CARE AT ST JOSEPH,SAINT JOSEPH,MO,168.0
260009,BOTHWELL REGIONAL HEALTH CENTER,SEDALIA,MO,195.0
260011,SSM HEALTH ST. MARY'S HOSPITAL - JEFFERSON CITY,JEFFERSON CITY,MO,168.0
260017,PHELPS COUNTY REGIONAL MEDICAL CENTER,ROLLA,MO,198.0
260020,MERCY HOSPITAL ST LOUIS,SAINT LOUIS,MO,224.0
260022,NORTHEAST REGIONAL MEDICAL CENTER,KIRKSVILLE,MO,147.0
260023,MERCY HOSPITAL JEFFERSON,CRYSTAL CITY,MO,194.0
260024,TEXAS COUNTY MEMORIAL HOSPITAL,HOUSTON,MO,127.0
260025,HANNIBAL REGIONAL HOSPITAL,HANNIBAL,MO,156.0
260027,RESEARCH MEDICAL CENTER,KANSAS CITY,MO,84.0
26002F,General Leonard Wood ACH (FT Leonard Wood),Fort Leonard Wood,MO,131.0
260032,BARNES JEWISH HOSPITAL,SAINT LOUIS,MO,290.0
260034,BATES COUNTY MEMORIAL HOSPITAL,BUTLER,MO,88.0
260040,COX MEDICAL CENTERS,SPRINGFIELD,MO,214.0
260048,TRUMAN MEDICAL CENTER HOSPITAL HILL,KANSAS CITY,MO,155.0
260052,MERCY HOSPITAL WASHINGTON,WASHINGTON,MO,159.0
260057,CAMERON REGIONAL MEDICAL CENTER,CAMERON,MO,108.0
260059,MERCY HOSPITAL LEBANON,LEBANON,MO,150.0
260061,NEVADA REGIONAL MEDICAL CENTER,NEVADA,MO,116.0
260062,SAINT LUKES NORTH HOSPITAL,KANSAS CITY,MO,174.0
260065,MERCY HOSPITAL SPRINGFIELD,SPRINGFIELD,MO,278.0
260068,BOONE HOSPITAL CENTER,COLUMBIA,MO,171.0
260070,PEMISCOT COUNTY MEMORIAL HOSPITAL,HAYTI,MO,156.0
260074,MOBERLY REGIONAL MEDICAL CENTER,MOBERLY,MO,124.0
260077,MERCY HOSPITAL SOUTH,SAINT LOUIS,MO,241.0
260078,OZARKS HEALTHCARE,WEST PLAINS,MO,182.0
260081,SSM ST CLARE HEALTH CENTER,FENTON,MO,200.0
260085,ST JOSEPH MEDICAL CENTER,KANSAS CITY,MO,133.0
260091,SSM HEALTH ST MARY'S HOSPITAL - ST LOUIS,SAINT LOUIS,MO,173.0
260094,COX MEDICAL CENTER BRANSON,BRANSON,MO,204.0
260095,CENTERPOINT MEDICAL CENTER,INDEPENDENCE,MO,156.0
260096,NORTH KANSAS CITY HOSPITAL,NORTH KANSAS CITY,MO,179.0
260097,WESTERN MISSOURI MEDICAL CENTER,WARRENSBURG,MO,153.0
260102,UNIVERSITY HEALTH LAKEWOOD MEDICAL CENTER,KANSAS CITY,MO,148.0
260104,SSM HEALTH DEPAUL HOSPITAL ST LOUIS,BRIDGETON,MO,198.0
260105,SSM HEALTH SAINT LOUIS UNIVERSITY HOSPITAL,SAINT LOUIS,MO,352.0
260108,MISSOURI BAPTIST MEDICAL CENTER,SAINT LOUIS,MO,258.0
260110,MERCY HOSPITAL SOUTHEAST,CAPE GIRARDEAU,MO,162.0
260113,MISSOURI DELTA MEDICAL CENTER,SIKESTON,MO,208.0
260119,POPLAR BLUFF REGIONAL MEDICAL CENTER,POPLAR BLUFF,MO,171.0
260137,FREEMAN HEALTH SYSTEM - FREEMAN WEST,JOPLIN,MO,246.0
260138,ST LUKES HOSPITAL OF KANSAS CITY,KANSAS CITY,MO,232.0
260141,UNIVERSITY OF MISSOURI HEALTH CARE,COLUMBIA,MO,212.0
260142,FITZGIBBON HOSPITAL,MARSHALL,MO,89.0
260160,MERCY HOSPITAL STODDARD,DEXTER,MO,164.0
260162,BARNES-JEWISH WEST COUNTY HOSPITAL,CREVE COEUR,MO,219.0
260163,PARKLAND HEALTH CENTER,FARMINGTON,MO,206.0
260175,GOLDEN VALLEY MEMORIAL HOSPITAL,CLINTON,MO,151.0
260176,ST LUKE'S DES PERES HOSPITAL,ST LOUIS,MO,141.0
260177,LIBERTY HOSPITAL,LIBERTY,MO,177.0
260179,ST LUKES HOSPITAL,CHESTERFIELD,MO,213.0
260180,CHRISTIAN HOSPITAL NORTHEAST,SAINT LOUIS,MO,223.0
260183,SAINT FRANCIS MEDICAL CENTER,CAPE GIRARDEAU,MO,246.0
260186,LAKE REGIONAL HEALTH SYSTEM,OSAGE BEACH,MO,174.0
260190,LEE'S SUMMIT MEDICAL CENTER,LEES SUMMIT,MO,154.0
260191,BARNES-JEWISH ST PETERS HOSPITAL,SAINT PETERS,MO,238.0
260193,ST MARY'S MEDICAL CENTER,BLUE SPRINGS,MO,166.0
260195,CITIZENS MEMORIAL HOSPITAL,BOLIVAR,MO,187.0
260200,SSM ST JOSEPH HOSPITAL WEST,LAKE SAINT LOUIS,MO,214.0
260214,BELTON REGIONAL MEDICAL CENTER,BELTON,MO,103.0
260216,SAINT LUKE'S EAST  HOSPITAL,LEES SUMMIT,MO,247.0
260219,PROGRESS WEST HOSPITAL,OFALLON,MO,208.0
261301,ELLETT MEMORIAL HOSPITAL,APPLETON CITY,MO,109.0
261302,MADISON MEDICAL CENTER,FREDERICKTOWN,MO,84.0
261303,COMMUNITY HOSPITAL ASSOCIATION,FAIRFAX,MO,101.0
261305,PUTNAM COUNTY MEMORIAL HOSPITAL,UNIONVILLE,MO,118.0
261306,SULLIVAN COUNTY MEMORIAL HOSPITAL,MILAN,MO,120.0
261307,PERSHING MEMORIAL HOSPITAL,BROOKFIELD,MO,82.0
261308,WASHINGTON COUNTY MEMORIAL HOSPITAL,POTOSI,MO,145.0
261309,WRIGHT MEMORIAL HOSPITAL,TRENTON,MO,132.0
261310,SCOTLAND COUNTY  HOSPITAL,MEMPHIS,MO,108.0
261311,MERCY HOSPITAL PERRY,PERRYVILLE,MO,140.0
261312,HARRISON COUNTY COMMUNITY HOSPITAL,BETHANY,MO,112.0
261314,HERMANN AREA DISTRICT HOSPITAL,HERMANN,MO,84.0
261316,MERCY HOSPITAL AURORA,AURORA,MO,126.0
261317,MERCY HOSPITAL - CASSVILLE,CASSVILLE,MO,92.0
261318,SALEM MEMORIAL DISTRICT HOSPITAL,SALEM,MO,132.0
261319,MERCY HOSPITAL LINCOLN,TROY,MO,142.0
261320,LAFAYETTE REGIONAL HEALTH CENTER,LEXINGTON,MO,98.0
261321,HEDRICK MEDICAL CENTER,CHILLICOTHE,MO,130.0
261322,EXCELSIOR SPRINGS HOSPITAL,EXCELSIOR SPRINGS,MO,99.0
261323,CEDAR COUNTY MEMORIAL HOSPITAL,EL DORADO SPRINGS,MO,108.0
261324,CASS REGIONAL MEDICAL CENTER,HARRISONVILLE,MO,123.0
261325,COX BARTON COUNTY HOSPITAL,LAMAR,MO,82.0
261327,RAY COUNTY MEMORIAL HOSPITAL,RICHMOND,MO,108.0
261328,MOSAIC MEDICAL CENTER ALBANY,ALBANY,MO,76.0
261329,COX MONETT HOSPITAL,MONETT,MO,142.0
261330,STE GENEVIEVE COUNTY MEMORIAL HOSPITAL,SAINTE GENEVIEVE,MO,113.0
261331,FREEMAN NEOSHO HOSPITAL,NEOSHO,MO,146.0
261332,CARROLL COUNTY MEMORIAL HOSPITAL,CARROLLTON,MO,104.0
261333,PIKE COUNTY MEMORIAL HOSPITAL,LOUISIANA,MO,130.0
261335,MERCY ST FRANCIS HOSPITAL,MOUNTAIN VIEW,MO,110.0
261336,IRON COUNTY MEDICAL CENTER,PILOT KNOB,MO,158.0
261337,MISSOURI BAPTIST SULLIVAN HOSPITAL,SULLIVAN,MO,168.0
261338,MERCY HOSPITAL CARTHAGE,CARTHAGE,MO,85.0
261340,MOSAIC MEDICAL CENTER - MARYVILLE,MARYVILLE,MO,110.0
270003,ST PETERS HEALTH,HELENA,MT,173.0
270004,BILLINGS CLINIC,BILLINGS,MT,174.0
270012,BENEFIS HOSPITALS INC,GREAT FALLS,MT,206.0
270014,ST. PATRICK HOSPITAL,MISSOULA,MT,156.0
270017,ST JAMES HOSPITAL,BUTTE,MT,149.0
270023,COMMUNITY MEDICAL CENTER,MISSOULA,MT,125.0
270049,INTERMOUNTAIN HEALTH ST VINCENT REGIONAL HOSPITAL,BILLINGS,MT,147.0
270051,LOGAN HEALTH MEDICAL CENTER,KALISPELL,MT,213.0
270057,BOZEMAN HEALTH DEACONESS HOSPITAL,BOZEMAN,MT,145.0
270086,GREAT FALLS CLINIC HOSPITAL,GREAT FALLS,MT,134.0
271301,FALLON MEDICAL COMPLEX HOSPITAL,BAKER,MT,91.0
271304,MISSOURI RIVER MEDICAL CENTER,FORT BENTON,MT,106.0
271305,MCCONE COUNTY HEALTH CENTER,CIRCLE,MT,65.0
271306,MOUNTAINVIEW MEDICAL CENTER,WHITE SULPHUR SPRING,MT,105.0
271307,BENEFIS TETON MEDICAL CENTER,CHOTEAU,MT,91.0
271308,ROOSEVELT MEDICAL CENTER,CULBERTSON,MT,91.0
271309,PRAIRIE COMMUNITY CAH,TERRY,MT,87.0
271310,GARFIELD COUNTY HEALTH CENTER,JORDAN,MT,113.0
271311,BIG SANDY MEDICAL CENTER,BIG SANDY,MT,71.0
271312,PHILLIPS COUNTY HOSPITAL - CAH,MALTA,MT,79.0
271313,PIONEER MEDICAL CENTER,BIG TIMBER,MT,95.0
271314,DEER LODGE MEDICAL CENTER,DEER LODGE,MT,121.0
271316,FRANCES MAHON DEACONESS HOSPITAL,GLASGOW,MT,128.0
271317,LIVINGSTON HEALTHCARE,LIVINGSTON,MT,114.0
271318,BARRETT HOSPITAL & HEALTHCARE,DILLON,MT,138.0
271319,RUBY VALLEY MEDICAL CENTER,SHERIDAN,MT,138.0
271320,CABINET PEAKS MEDICAL CENTER,LIBBY,MT,127.0
271321,WHEATLAND MEMORIAL HOSPITAL,HARLOWTON,MT,102.0
271322,SHERIDAN MEMORIAL HOSPTIAL,PLENTYWOOD,MT,173.0
271323,CLARK FORK VALLEY HOSPITAL,PLAINS,MT,155.0
271324,PONDERA MEDICAL CENTER,CONRAD,MT,94.0
271325,ST LUKE COMMUNITY HOSPITAL,RONAN,MT,114.0
271326,BEARTOOTH BILLINGS CLINIC,RED LODGE,MT,96.0
271327,ROSEBUD HEALTH CARE CENTER,FORSYTH,MT,110.0
271328,LOGAN HEALTH - SHELBY,SHELBY,MT,111.0
271329,MADISON VALLEY MEDICAL CENTER,ENNIS,MT,131.0
271330,STILLWATER BILLINGS CLINIC,COLUMBUS,MT,102.0
271331,MINERAL COMMUNITY HOSPITAL,SUPERIOR,MT,79.0
271332,GLENDIVE MEDICAL CENTER,GLENDIVE,MT,123.0
271333,BILLINGS CLINIC BROADWATER,TOWNSEND,MT,74.0
271334,LOGAN HEALTH - CHESTER,CHESTER,MT,129.0
271335,COMMUNITY HOSPITAL OF ANACONDA,ANACONDA,MT,108.0
271336,LOGAN HEALTH - WHITEFISH,WHITEFISH,MT,130.0
271337,NORTHERN ROCKIES MEDICAL CENTER,CUT BANK,MT,71.0
271338,BIG HORN HOSPITAL,HARDIN,MT,141.0
271342,DANIELS MEMORIAL HOSPITAL,SCOBEY,MT,106.0
271343,PROVIDENCE ST JOSEPH MEDICAL CENTER,POLSON,MT,114.0
271344,SIDNEY HEALTH CENTER,SIDNEY,MT,161.0
271345,CENTRAL MONTANA MEDICAL CENTER,LEWISTOWN,MT,108.0
271346,ROUNDUP MEMORIAL HEALTHCARE,ROUNDUP,MT,102.0
271347,HOLY ROSARY HOSPITAL,MILES CITY,MT,132.0
271348,NORTHERN MONTANA HOSPITAL,HAVRE,MT,128.0
271389,BOZEMAN HEALTH BIG SKY MEDICAL CENTER,BIG SKY,MT,104.0
280003,BRYAN MEDICAL CENTER,LINCOLN,NE,114.0
280009,CHI HEALTH GOOD SAMARITAN,KEARNEY,NE,138.0
280013,THE NEBRASKA MEDICAL CENTER,OMAHA,NE,246.0
280020,CHI HEALTH ST. ELIZABETH,LINCOLN,NE,167.0
280023,CHI HEALTH ST. FRANCIS,GRAND ISLAND,NE,132.0
280032,MARY LANNING HEALTHCARE,HASTINGS,NE,118.0
280040,THE NEBRASKA METHODIST HOSPITAL,OMAHA,NE,152.0
280059,TWELVE CLANS UNITY HOSPITAL,WINNEBAGO,NE,94.0
280060,CHI HEALTH BERGAN MERCY,OMAHA,NE,159.0
280061,REGIONAL WEST MEDICAL CENTER,SCOTTSBLUFF,NE,196.0
280065,GREAT PLAINS HEALTH,NORTH PLATTE,NE,128.0
280077,METHODIST FREMONT HEALTH,FREMONT,NE,134.0
280081,CHI HEALTH IMMANUEL,OMAHA,NE,130.0
280105,CHI HEALTH MIDLANDS,PAPILLION,NE,144.0
280111,"COLUMBUS COMMUNITY HOSPITAL, INC",COLUMBUS,NE,121.0
280125,FAITH REGIONAL HEALTH SERVICES,NORFOLK,NE,103.0
280129,NEBRASKA ORTHOPAEDIC HOSPITAL,OMAHA,NE,94.0
280130,CHI HEALTH LAKESIDE,OMAHA,NE,175.0
280132,BELLEVUE MEDICAL CENTER,BELLEVUE,NE,140.0
280134,KEARNEY REGIONAL MEDICAL CENTER,KEARNEY,NE,104.0
280139,GRAND ISLAND REGIONAL MEDICAL CENTER,GRAND ISLAND,NE,102.0
281300,HARLAN COUNTY HEALTH SYSTEM,ALMA,NE,103.0
281301,FILLMORE COUNTY HOSPITAL,GENEVA,NE,107.0
281302,PAWNEE COUNTY MEMORIAL HOSPITAL,PAWNEE CITY,NE,106.0
281303,NIOBRARA VALLEY HOSPITAL,LYNCH,NE,91.0
281304,THAYER COUNTY HEALTH SERVICES,HEBRON,NE,92.0
281305,KIMBALL HEALTH SERVICES,KIMBALL,NE,133.0
281306,KEARNEY COUNTY HEALTH SERVICES HOSPITAL,MINDEN,NE,132.0
281307,SAUNDERS MEDICAL CENTER,WAHOO,NE,102.0
281308,HENDERSON COMMUNITY HOSPITAL,HENDERSON,NE,90.0
281309,SYRACUSE AREA HEALTH,SYRACUSE,NE,106.0
281310,GARDEN COUNTY HEALTH SERVICES,OSHKOSH,NE,155.0
281311,FRANKLIN COUNTY MEMORIAL HOSPITAL,FRANKLIN,NE,85.0
281312,GENOA COMMUNITY HOSPITAL,GENOA,NE,83.0
281313,GOTHENBURG HEALTH,GOTHENBURG,NE,121.0
281314,ANNIE JEFFREY MEMORIAL COUNTY HEALTH CENTER,OSCEOLA,NE,85.0
281315,BRODSTONE HEALTHCARE,SUPERIOR,NE,113.0
281316,WEBSTER COUNTY COMMUNITY HOSPITAL,RED CLOUD,NE,91.0
281318,MORRILL COUNTY COMMUNITY HOSPITAL,BRIDGEPORT,NE,150.0
281319,JEFFERSON COMMUNITY HEALTH & LIFE,FAIRBURY,NE,93.0
281320,MEMORIAL HOSPITAL,AURORA,NE,125.0
281322,ST FRANCIS MEMORIAL HOSPITAL,WEST POINT,NE,117.0
281323,CHI HEALTH SCHUYLER,SCHUYLER,NE,106.0
281324,NEMAHA COUNTY HOSPITAL,AUBURN,NE,116.0
281325,BROWN COUNTY HOSPITAL,AINSWORTH,NE,112.0
281326,ANTELOPE MEMORIAL HOSPITAL,NELIGH,NE,108.0
281327,COZAD COMMUNITY HOSPITAL,COZAD,NE,100.0
281328,MERRICK MEDICAL CENTER,CENTRAL CITY,NE,122.0
281329,AVERA ST ANTHONY'S HOSPITAL,O' NEILL,NE,111.0
281331,AVERA CREIGHTON HOSPITAL,CREIGHTON,NE,102.0
281332,BUTLER COUNTY HEALTH,DAVID CITY,NE,94.0
281333,ROCK COUNTY HOSPITAL,BASSETT,NE,109.0
281334,BOONE COUNTY HEALTH CENTER,ALBION,NE,109.0
281335,CALLAWAY DISTRICT HOSPITAL,CALLAWAY,NE,139.0
281338,HOWARD COUNTY MEDICAL CENTER,ST PAUL,NE,86.0
281339,MEMORIAL HEALTH CARE SYSTEMS,SEWARD,NE,94.0
281340,DUNDY COUNTY HOSPITAL,BENKELMAN,NE,146.0
281341,CHADRON COMMUNITY HOSPITAL AND HEALTH SERVICES,CHADRON,NE,103.0
281342,CHI HEALTH ST. MARYS,NEBRASKA CITY,NE,118.0
281343,WEST HOLT MEMORIAL HOSPITAL,ATKINSON,NE,110.0
281344,CHERRY COUNTY HOSPITAL,VALENTINE,NE,141.0
281345,PROVIDENCE MEDICAL CENTER,WAYNE,NE,114.0
281346,CHI HEALTH PLAINVIEW HOSPITAL,PLAINVIEW,NE,94.0
281347,OSMOND GENERAL HOSPITAL,OSMOND,NE,112.0
281348,TRI VALLEY HEALTH SYSTEM,CAMBRIDGE,NE,148.0
281349,PENDER COMMUNITY HOSPITAL,PENDER,NE,118.0
281350,JOHNSON COUNTY HOSPITAL,TECUMSEH,NE,94.0
281351,CHASE COUNTY COMMUNITY HOSPITAL,IMPERIAL,NE,128.0
281352,"COMMUNITY MEDICAL CENTER, INC",FALLS CITY,NE,100.0
281353,VALLEY COUNTY HEALTH SYSTEM,ORD,NE,90.0
281354,CRETE AREA MEDICAL CENTER,CRETE,NE,100.0
281355,OGALLALA COMMUNITY HOSPITAL,OGALLALA,NE,113.0
281356,PERKINS COUNTY HEALTH SERVICES,GRANT,NE,128.0
281357,SIDNEY REGIONAL MEDICAL CENTER,SIDNEY,NE,138.0
281358,GORDON MEMORIAL HOSPITAL DISTRICT,GORDON,NE,111.0
281359,MEMORIAL COMMUNITY HOSPITAL & HEALTH SYSTEM,BLAIR,NE,134.0
281360,BOX BUTTE GENERAL HOSPITAL,ALLIANCE,NE,138.0
281361,LEXINGTON REGIONAL HEALTH CENTER,LEXINGTON,NE,111.0
281362,PHELPS MEMORIAL HEALTH CENTER,HOLDREGE,NE,83.0
281363,COMMUNITY HOSPITAL,MCCOOK,NE,144.0
281364,"BEATRICE COMMUNITY HOSPITAL & HEALTH CENTER, INC",BEATRICE,NE,94.0
281365,JENNIE M MELHAM MEMORIAL MEDICAL CENTER,BROKEN BOW,NE,112.0
290001,RENOWN REGIONAL MEDICAL CENTER,RENO,NV,183.0
290003,SUNRISE HOSPITAL AND MEDICAL CENTER,LAS VEGAS,NV,166.0
290005,NORTH VISTA HOSPITAL,NORTH LAS VEGAS,NV,138.0
290007,UNIVERSITY MEDICAL CENTER,LAS VEGAS,NV,236.0
290008,NORTHEASTERN NEVADA REGIONAL HOSPITAL,ELKO,NV,205.0
290009,SAINT MARY'S REGIONAL MEDICAL CENTER,RENO,NV,140.0
290012,SAINT ROSE DOMINICAN HOSPITALS - ROSE DE LIMA,HENDERSON,NV,103.0
290019,CARSON TAHOE REGIONAL MEDICAL CENTER,CARSON CITY,NV,167.0
29001F,99th Medical Group (Nellis AFB),Nellis AFB,NV,122.0
290021,VALLEY HOSPITAL MEDICAL CENTER,LAS VEGAS,NV,177.0
290032,NORTHERN NEVADA MEDICAL CENTER,SPARKS,NV,138.0
290039,MOUNTAINVIEW HOSPITAL,LAS VEGAS,NV,158.0
290041,SUMMERLIN HOSPITAL MEDICAL CENTER,LAS VEGAS,NV,207.0
290045,SAINT ROSE DOMINICAN HOSPITALS - SIENA CAMPUS,HENDERSON,NV,182.0
290046,SPRING VALLEY HOSPITAL MEDICAL CENTER,LAS VEGAS,NV,174.0
290047,SOUTHERN HILLS HOSPITAL AND MEDICAL CENTER,LAS VEGAS,NV,100.0
290049,RENOWN SOUTH MEADOWS MEDICAL CENTER,RENO,NV,178.0
290053,SAINT ROSE DOMINICAN HOSPITALS - SAN MARTIN CAMPUS,LAS VEGAS,NV,164.0
290054,CENTENNIAL HILLS HOSPITAL MEDICAL CENTER,LAS VEGAS,NV,164.0
290057,HENDERSON HOSPITAL,HENDERSON,NV,159.0
290058,SAINT ROSE DOMINICAN HOSPITALS - NORTH LAS VEGAS,NORTH LAS VEGAS,NV,95.0
290062,WEST HENDERSON HOSPITAL,HENDERSON,NV,166.0
291300,MOUNT GRANT GENERAL HOSPITAL,HAWTHORNE,NV,82.0
291301,INCLINE VILLAGE COMMUNITY HOSPITAL,INCLINE VILLAGE,NV,85.0
291302,WILLIAM BEE RIRIE HOSPITAL,ELY,NV,196.0
291303,BATTLE MOUNTAIN GENERAL HOSPITAL,BATTE MTN,NV,109.0
291304,PERSHING GENERAL HOSPITAL,LOVELOCK,NV,114.0
291306,CARSON VALLEY HEALTH,GARDNERVILLE,NV,136.0
291307,MESA VIEW REGIONAL HOSPITAL,MESQUITE,NV,144.0
291308,HUMBOLDT GENERAL HOSPITAL,WINNEMUCCA,NV,115.0
291309,BOULDER CITY HOSPITAL,BOULDER CITY,NV,114.0
291311,DESERT VIEW HOSPITAL,PAHRUMP,NV,162.0
291312,GROVER C DILS MEDICAL CENTER,CALIENTE,NV,160.0
291313,BANNER CHURCHILL COMMUNITY HOSPITAL,FALLON,NV,128.0
291314,SOUTH LYON MEDICAL CENTER,YERINGTON,NV,86.0
300001,CONCORD HOSPITAL,CONCORD,NH,248.0
300003,MARY HITCHCOCK MEMORIAL HOSPITAL,LEBANON,NH,267.0
300005,CONCORD HOSPITAL- LACONIA,LACONIA,NH,180.0
300011,ST JOSEPH HOSPITAL,NASHUA,NH,200.0
300012,ELLIOT HOSPITAL,MANCHESTER,NH,278.0
300014,FRISBIE MEMORIAL HOSPITAL,ROCHESTER,NH,140.0
300017,PARKLAND MEDICAL CENTER,DERRY,NH,123.0
300018,WENTWORTH-DOUGLASS HOSPITAL,DOVER,NH,243.0
300019,CHESHIRE MEDICAL CENTER,KEENE,NH,217.0
300020,SOUTHERN NH MEDICAL CENTER,NASHUA,NH,220.0
300023,EXETER HOSPITAL INC,EXETER,NH,207.0
300029,PORTSMOUTH REGIONAL HOSPITAL,PORTSMOUTH,NH,142.0
300034,CATHOLIC MEDICAL CENTER,MANCHESTER,NH,208.0
301300,UPPER CONNECTICUT VALLEY HOSPITAL,COLEBROOK,NH,87.0
301301,COTTAGE HOSPITAL,WOODSVILLE,NH,116.0
301302,LITTLETON REGIONAL HEALTHCARE,LITTLETON,NH,137.0
301303,WEEKS MEDICAL CENTER,LANCASTER,NH,104.0
301304,NEW LONDON HOSPITAL,NEW LONDON,NH,151.0
301305,ALICE PECK DAY MEMORIAL HOSPITAL,LEBANON,NH,119.0
301306,CONCORD HOSPITAL- FRANKLIN,FRANKLIN,NH,134.0
301307,"MEMORIAL HOSPITAL, THE",NORTH CONWAY,NH,117.0
301308,VALLEY REGIONAL HOSPITAL,CLAREMONT,NH,143.0
301309,MONADNOCK COMMUNITY HOSPITAL,PETERBOROUGH,NH,136.0
301310,ANDROSCOGGIN VALLEY HOSPITAL,BERLIN,NH,116.0
301311,SPEARE MEMORIAL HOSPITAL,PLYMOUTH,NH,131.0
301312,HUGGINS HOSPITAL,WOLFEBORO,NH,120.0
310001,HACKENSACK UNIVERSITY MEDICAL CENTER,HACKENSACK,NJ,189.0
310002,NEWARK BETH ISRAEL MEDICAL CENTER,NEWARK,NJ,164.0
310003,PALISADES MEDICAL CENTER,NORTH BERGEN,NJ,202.0
310005,HUNTERDON MEDICAL CENTER,FLEMINGTON,NJ,232.0
310006,ST MARY'S GENERAL HOSPITAL,PASSAIC,NJ,190.0
310008,HOLY NAME MEDICAL CENTER,TEANECK,NJ,200.0
310009,CLARA MAASS MEDICAL CENTER,BELLEVILLE,NJ,136.0
310010,UNIVERSITY MEDICAL CENTER OF PRINCETON AT PLAINSBORO,PLAINSBORO,NJ,224.0
310011,CAPE REGIONAL MEDICAL CENTER INC,CAPE MAY COURT HOUSE,NJ,198.0
310012,VALLEY HOSPITAL,PARAMUS,NJ,218.0
310014,COOPER UNIVERSITY HOSPITAL,CAMDEN,NJ,216.0
310015,MORRISTOWN MEDICAL CENTER,MORRISTOWN,NJ,238.0
310016,CAREPOINT HEALTH-CHRIST HOSPITAL,JERSEY CITY,NJ,161.0
310017,CHILTON MEDICAL CENTER,POMPTON PLAINS,NJ,230.0
310019,ST JOSEPH'S UNIVERSITY MEDICAL CENTER INC,PATERSON,NJ,236.0
310022,WEST JERSEY HOSPITAL,VOORHEES,NJ,165.0
310024,ROBERT WOOD JOHNSON UNIVERSITY HOSPITAL AT RAHWAY,RAHWAY,NJ,101.0
310025,CAREPOINT HEALTH - BAYONNE MEDICAL CENTER,BAYONNE,NJ,198.0
310027,TRINITAS REGIONAL MEDICAL CENTER,ELIZABETH,NJ,203.0
310028,NEWTON MEDICAL CENTER,NEWTON,NJ,167.0
310029,VIRTUA OUR LADY OF LOURDES HOSPITAL,CAMDEN,NJ,156.0
310032,INSPIRA MEDICAL CENTER VINELAND,VINELAND,NJ,199.0
310034,RIVERVIEW MEDICAL CENTER,RED BANK,NJ,212.0
310038,ROBERT WOOD JOHNSON UNIVERSITY HOSPITAL,NEW BRUNSWICK,NJ,201.0
310039,RARITAN BAY MEDICAL CENTER,PERTH AMBOY,NJ,184.0
310040,CAREPOINT HEALTH-HOBOKEN UNIVERSITY MEDICAL CENTER,HOBOKEN,NJ,195.0
310041,COMMUNITY MEDICAL CENTER,TOMS RIVER,NJ,181.0
310044,CAPITAL HEALTH MEDICAL CENTER - HOPEWELL,PENNINGTON,NJ,199.0
310045,ENGLEWOOD HOSPITAL AND MEDICAL CENTER,ENGLEWOOD,NJ,185.0
310047,SHORE MEDICAL CENTER,SOMERS POINT,NJ,148.0
310048,ROBERT WOOD JOHNSON UNIVERSITY HOSPITAL - SOMERSET,SOMERVILLE,NJ,186.0
310050,SAINT CLARE'S HOSPITAL/ DENVILLE CAMPUS,DENVILLE,NJ,158.0
310051,OVERLOOK MEDICAL CENTER,SUMMIT,NJ,188.0
310052,OCEAN MEDICAL CENTER,BRICK,NJ,158.0
310054,HACKENSACK MERIDIAN MOUNTAINSIDE MEDICAL,MONTCLAIR,NJ,232.0
310057,VIRTUA MOUNT HOLLY HOSPITAL,MOUNT HOLLY,NJ,211.0
310058,BERGEN NEW BRIDGE MEDICAL CENTER,PARAMUS,NJ,156.0
310060,ST LUKE'S WARREN HOSPITAL,PHILLIPSBURG,NJ,133.0
310061,VIRTUA WILLINGBORO HOSPITAL,WILLINGBORO,NJ,184.0
310064,ATLANTICARE REGIONAL MEDICAL CENTER - CITY CAMPUS,ATLANTIC CITY,NJ,171.0
310069,INSPIRA MEDICAL CENTER MULLICA HILL,ELMER,NJ,181.0
310070,SAINT PETER'S UNIVERSITY HOSPITAL,NEW BRUNSWICK,NJ,207.0
310073,JERSEY SHORE UNIVERSITY MEDICAL CENTER,NEPTUNE,NJ,209.0
310074,JERSEY CITY MEDICAL CENTER,JERSEY CITY,NJ,194.0
310075,MONMOUTH MEDICAL CENTER,LONG BRANCH,NJ,130.0
310076,COOPERMAN BARNABAS MEDICAL CENTER,LIVINGSTON,NJ,108.0
310083,CAREWELL HEALTH MEDICAL CENTER,EAST ORANGE,NJ,175.0
310084,MONMOUTH MEDICAL CENTER-SOUTHERN CAMPUS,LAKEWOOD,NJ,151.0
310086,JEFFERSON STRATFORD HOSPITAL,STRATFORD,NJ,217.0
310092,CAPITAL HEALTH REGIONAL MEDICAL CENTER,TRENTON,NJ,167.0
310096,SAINT MICHAEL'S MEDICAL CENTER,NEWARK,NJ,174.0
310108,JFK UNIVERSITY MEDICAL CENTER,EDISON,NJ,195.0
310110,ROBERT WOOD JOHNSON UNIVERSITY HOSPITAL AT HAMILTON,HAMILTON,NJ,176.0
310111,CENTRASTATE MEDICAL CENTER,FREEHOLD,NJ,212.0
310112,BAYSHORE MEDICAL CENTER,HOLMDEL,NJ,164.0
310113,SOUTHERN OCEAN MEDICAL CENTER,MANAHAWKIN,NJ,173.0
310115,AHS HOSPITAL CORP,HACKETTSTOWN,NJ,170.0
310118,HUDSON REGIONAL HOSPITAL,SECAUCUS,NJ,178.0
310119,THE UNIVERSITY HOSPITAL,NEWARK,NJ,298.0
310130,HACKENSACK MERIDIAN HEALTH PASCACK VALLEY MEDICAL,WESTWOOD,NJ,147.0
320001,UNM HOSPITAL,ALBUQUERQUE,NM,284.0
320002,CHRISTUS ST VINCENT REGIONAL MEDICAL CENTER,SANTA FE,NM,172.0
320004,CHRISTUS SOUTHERN NEW MEXICO,ALAMOGORDO,NM,196.0
320005,SAN JUAN REGIONAL MEDICAL CENTER INC,FARMINGTON,NM,192.0
320006,EASTERN NEW MEXICO MEDICAL CENTER,ROSWELL,NM,182.0
320009,LOVELACE MEDICAL CENTER,ALBUQUERQUE,NM,219.0
320011,PRESBYTERIAN ESPANOLA HOSPITAL,ESPANOLA,NM,172.0
320017,LOVELACE WOMEN'S HOSPITAL,ALBUQUERQUE,NM,196.0
320018,MEMORIAL MEDICAL CENTER,LAS CRUCES,NM,200.0
320021,PRESBYTERIAN HOSPITAL,ALBUQUERQUE,NM,301.0
320022,PLAINS REGIONAL MEDICAL CENTER,CLOVIS,NM,190.0
320030,ARTESIA GENERAL HOSPITAL,ARTESIA,NM,98.0
320033,LOS ALAMOS MEDICAL CENTER,LOS ALAMOS,NM,163.0
320063,CARLSBAD MEDICAL CENTER,CARLSBAD,NM,196.0
320065,COVENANT HEALTH HOBBS HOSPITAL,HOBBS,NM,169.0
320074,LOVELACE WESTSIDE HOSPITAL,ALBUQUERQUE,NM,153.0
320084,ROOSEVELT GENERAL HOSPITAL,PORTALES,NM,164.0
320085,MOUNTAIN VIEW REGIONAL MEDICAL CENTER,LAS CRUCES,NM,171.0
320086,LOVELACE REGIONAL HOSPITAL - ROSWELL,ROSWELL,NM,118.0
320090,PRESBYTERIAN SANTA FE MEDICAL CENTER,SANTA FE,NM,221.0
320091,THREE CROSSES REGIONAL HOSPITAL LLC,LAS CRUCES,NM,147.0
321300,SIERRA VISTA HOSPITAL,T OR C,NM,171.0
321301,SOCORRO GENERAL HOSPITAL,SOCORRO,NM,139.0
321302,DR DAN C TRIGG MEMORIAL HOSPITAL,TUCUMCARI,NM,115.0
321304,UNION COUNTY GENERAL HOSPITAL,CLAYTON,NM,127.0
321306,LINCOLN COUNTY MEDICAL CENTER,RUIDOSO,NM,136.0
321307,MINERS' COLFAX MEDICAL CENTER,RATON,NM,113.0
321308,CIBOLA GENERAL HOSPITAL,GRANTS,NM,107.0
321309,MIMBRES VALLEY MEDICAL CENTER,DEMING,NM,140.0
321310,HOLY CROSS HOSPITAL A DIV OF TAOS HEALTH SYSTEMS,TAOS,NM,95.0
321311,GILA REGIONAL MEDICAL CENTER,SILVER CITY,NM,162.0
321313,REHOBOTH MCKINLEY CHRISTIAN HEALTH CARE SERVICES,GALLUP,NM,138.0
330005,KALEIDA HEALTH,BUFFALO,NY,218.0
330006,ST JOSEPH'S MEDICAL CENTER,YONKERS,NY,191.0
330009,BRONXCARE HOSPITAL CENTER,BRONX,NY,187.0
330011,"OUR LADY OF LOURDES MEMORIAL HOSPITAL, INC",BINGHAMTON,NY,252.0
330013,ALBANY MEDICAL CENTER HOSPITAL,ALBANY,NY,263.0
330014,JAMAICA HOSPITAL MEDICAL CENTER,JAMAICA,NY,240.0
330019,"NEW YORK COMMUNITY HOSPITAL OF BROOKLYN, INC.",BROOKLYN,NY,174.0
330023,VASSAR BROTHERS MEDICAL CENTER,POUGHKEEPSIE,NY,305.0
330024,MOUNT SINAI HOSPITAL,NEW YORK,NY,244.0
330027,NASSAU UNIVERSITY MEDICAL CENTER,EAST MEADOW,NY,170.0
330028,RICHMOND UNIVERSITY MEDICAL CENTER,STATEN ISLAND,NY,202.0
330030,NEWARK-WAYNE COMMUNITY HOSPITAL,NEWARK,NY,207.0
330033,CHENANGO MEMORIAL HOSPITAL,NORWICH,NY,105.0
330043,NS/LIJ HS SOUTHSIDE HOSPITAL,BAY SHORE,NY,262.0
330044,WYNN HOSPITAL,UTICA,NY,205.0
330045,NS/LIJ HS HUNTINGTON HOSPITAL,HUNTINGTON,NY,196.0
330046,MOUNT SINAI WEST,NEW YORK,NY,280.0
330047,ST MARY'S HEALTHCARE,AMSTERDAM,NY,156.0
330049,NORTHERN DUTCHESS HOSPITAL,RHINEBECK,NY,211.0
330055,NEW YORK-PRESBYTERIAN/QUEENS,FLUSHING,NY,303.0
330056,BROOKLYN HOSPITAL CENTER - DOWNTOWN CAMPUS,BROOKLYN,NY,189.0
330057,ST PETER'S HOSPITAL,ALBANY,NY,384.0
330058,GENEVA GENERAL HOSPITAL,GENEVA,NY,187.0
330059,MONTEFIORE MEDICAL CENTER,BRONX,NY,208.0
330065,NIAGARA FALLS MEMORIAL MEDICAL CENTER,NIAGARA FALLS,NY,239.0
330073,UNITED MEMORIAL MEDICAL CENTER,BATAVIA,NY,161.0
330074,F F THOMPSON HOSPITAL,CANANDAIGUA,NY,219.0
330078,SISTERS OF CHARITY HOSPITAL,BUFFALO,NY,190.0
330079,ADIRONDACK MEDICAL CENTER - SARANAC LAKE,SARANAC LAKE,NY,134.0
330080,LINCOLN MEDICAL & MENTAL HEALTH CENTER,BRONX,NY,235.0
330085,AURELIA OSBORN FOX MEMORIAL HOSPITAL,ONEONTA,NY,125.0
330086,MONTEFIORE MOUNT VERNON HOSPITAL,MOUNT VERNON,NY,191.0
330090,ARNOT OGDEN MEDICAL CENTER,ELMIRA,NY,215.0
330094,COLUMBIA MEMORIAL HOSPITAL,HUDSON,NY,227.0
330096,JONES MEMORIAL HOSPITAL,WELLSVILLE,NY,140.0
330101,NEW YORK-PRESBYTERIAN HOSPITAL,NEW YORK,NY,230.0
330102,KENMORE MERCY HOSPITAL,KENMORE,NY,226.0
330103,OLEAN GENERAL HOSPITAL,OLEAN,NY,141.0
330104,NYACK HOSPITAL,NYACK,NY,231.0
330106,NORTH SHORE UNIVERSITY HOSPITAL,MANHASSET,NY,251.0
330107,PECONIC BAY MEDICAL CENTER,RIVERHEAD,NY,203.0
330111,BERTRAND CHAFFEE HOSPITAL,SPRINGVILLE,NY,139.0
330115,ONEIDA HEALTH HOSPITAL,ONEIDA,NY,165.0
330119,LENOX HILL HOSPITAL,NEW YORK,NY,188.0
330125,ROCHESTER GENERAL HOSPITAL,ROCHESTER,NY,237.0
330126,GARNET HEALTH MEDICAL CENTER,MIDDLETOWN,NY,250.0
330127,JACOBI MEDICAL CENTER,BRONX,NY,228.0
330128,ELMHURST HOSPITAL CENTER,ELMHURST,NY,255.0
330135,BON SECOURS COMMUNITY HOSPITAL,PORT JERVIS,NY,154.0
330136,BASSETT HEALTHCARE,COOPERSTOWN,NY,210.0
330140,ST JOSEPH'S HOSPITAL HEALTH CENTER,SYRACUSE,NY,237.0
330141,LONG ISLAND COMMUNITY HOSPITAL,PATCHOGUE,NY,251.0
330151,ST JAMES HOSPITAL,HORNELL,NY,133.0
330153,ELLIS HOSPITAL,SCHENECTADY,NY,240.0
330157,SAMARITAN MEDICAL CENTER,WATERTOWN,NY,246.0
330158,GOOD SAMARITAN HOSPITAL OF SUFFERN,SUFFERN,NY,230.0
330160,STATEN ISLAND UNIVERSITY HOSPITAL,STATEN ISLAND,NY,170.0
330162,NORTHERN WESTCHESTER HOSPITAL,MOUNT KISCO,NY,210.0
330164,HIGHLAND HOSPITAL,ROCHESTER,NY,304.0
330166,"WESTFIELD MEMORIAL HOSPITAL, INC",WESTFIELD,NY,109.0
330169,MOUNT SINAI BETH ISRAEL,NEW YORK,NY,233.0
330175,GUTHRIE CORTLAND REGIONAL MEDICAL CENTER,CORTLAND,NY,174.0
330180,"SAMARITAN HOSPITAL OF TROY, NEW YORK",TROY,NY,250.0
330181,NORTHWELL HOSPITAL GLEN COVE,GLEN COVE,NY,142.0
330182,ST FRANCIS HOSPITAL - THE HEART CENTER,ROSLYN,NY,226.0
330184,MONTEFIORE NEW ROCHELLE HOSPITAL,NEW ROCHELLE,NY,182.0
330185,JOHN T MATHER MEMORIAL HOSPITAL  OF PORT JEFFERSON,PORT JEFFERSON,NY,250.0
330188,MOUNT ST. MARY'S HOSPITAL & HEALTH CENTER,LEWISTON,NY,153.0
330191,GLENS FALLS HOSPITAL,GLENS FALLS,NY,252.0
330193,FLUSHING HOSPITAL MEDICAL CENTER,FLUSHING,NY,208.0
330194,MAIMONIDES MEDICAL CENTER,BROOKLYN,NY,206.0
330195,LONG ISLAND JEWISH MEDICAL CENTER,NEW HYDE PARK,NY,253.0
330196,SOUTH BROOKLYN HEALTH,BROOKLYN,NY,174.0
330197,CANTON-POTSDAM HOSPITAL,POTSDAM,NY,135.0
330198,MOUNT SINAI SOUTH NASSAU,OCEANSIDE,NY,223.0
330199,METROPOLITAN HOSPITAL CENTER,NEW YORK,NY,168.0
330202,KINGS COUNTY HOSPITAL CENTER,BROOKLYN,NY,282.0
330203,CROUSE HOSPITAL,SYRACUSE,NY,229.0
330204,BELLEVUE HOSPITAL CENTER,NEW YORK,NY,172.0
330205,ST ANTHONY COMMUNITY HOSPITAL,WARWICK,NY,159.0
330208,ST JOHN'S RIVERSIDE HOSPITAL,YONKERS,NY,220.0
330214,NYU LANGONE HOSPITALS,NEW YORK,NY,209.0
330215,"ROME MEMORIAL HOSPITAL, INC",ROME,NY,190.0
330218,OSWEGO HOSPITAL,OSWEGO,NY,218.0
330219,ERIE COUNTY MEDICAL CENTER,BUFFALO,NY,350.0
330221,WYCKOFF HEIGHTS MEDICAL CENTER,BROOKLYN,NY,228.0
330222,SARATOGA HOSPITAL,SARATOGA SPRINGS,NY,305.0
330224,HEALTHALLIANCE HOSPITAL MARYS AVENUE CAMPUS,KINGSTON,NY,219.0
330226,UNITY HOSPITAL,ROCHESTER,NY,288.0
330229,"BROOKS-TLC HOSPITAL SYSTEM, INC",DUNKIRK,NY,154.0
330231,QUEENS HOSPITAL CENTER,JAMAICA,NY,225.0
330233,BROOKDALE HOSPITAL MEDICAL CENTER,BROOKLYN,NY,222.0
330234,WESTCHESTER MEDICAL CENTER,VALHALLA,NY,248.0
330235,AUBURN  COMMUNITY  HOSPITAL,AUBURN,NY,215.0
330238,NICHOLAS H NOYES MEMORIAL HOSPITAL,DANSVILLE,NY,216.0
330239,UPMC CHAUTAUQUA AT WCA,JAMESTOWN,NY,156.0
330240,HARLEM HOSPITAL CENTER,NEW YORK,NY,147.0
330241,UNIVERSITY HOSPITAL S U N Y HEALTH SCIENCE CENTER,SYRACUSE,NY,278.0
330246,ST CHARLES HOSPITAL,PORT JEFFERSON,NY,237.0
330250,CHAMPLAIN VALLEY PHYSICIANS HOSPITAL MEDICAL CTR,PLATTSBURGH,NY,224.0
330259,MERCY MEDICAL CENTER,ROCKVILLE CENTRE,NY,240.0
33025F,Keller ACH (West Point),West Point,NY,66.0
330261,PHELPS HOSPITAL,SLEEPY HOLLOW,NY,203.0
330264,MONTEFIORE ST LUKE'S CORNWALL,NEWBURGH,NY,195.0
330265,CLIFTON SPRINGS HOSPITAL AND CLINIC,CLIFTON SPRINGS,NY,168.0
330267,HUDSON VALLEY HOSPITAL CENTER,CORTLANDT MANOR,NY,199.0
330273,PUTNAM HOSPITAL CENTER,CARMEL,NY,174.0
330276,NATHAN LITTAUER HOSPITAL,GLOVERSVILLE,NY,168.0
330277,CORNING HOSPITAL,CORNING,NY,218.0
330279,MERCY HOSPITAL OF BUFFALO,BUFFALO,NY,315.0
330285,STRONG MEMORIAL HOSPITAL,ROCHESTER,NY,250.0
330286,GOOD SAMARITAN HOSPITAL MEDICAL CENTER,WEST ISLIP,NY,238.0
330304,WHITE PLAINS HOSPITAL CENTER,WHITE PLAINS,NY,172.0
330307,CAYUGA MEDICAL CENTER AT ITHACA,ITHACA,NY,232.0
330331,PLAINVIEW HOSPITAL,PLAINVIEW,NY,241.0
330332,CHSLI ST JOSEPH HOSPITAL,BETHPAGE,NY,209.0
330350,SUNY/DOWNSTATE UNIVERSITY HOSPITAL OF BROOKLYN,BROOKLYN,NY,169.0
330386,GARNET HEALTH  MEDICAL CENTER CATSKILLS,HARRIS,NY,180.0
330393,SUNY/STONY BROOK UNIVERSITY HOSPITAL,STONY BROOK,NY,232.0
330394,"UNITED HEALTH SERVICES HOSPITALS, INC",BINGHAMTON,NY,244.0
330395,ST JOHN'S EPISCOPAL HOSPITAL AT SOUTH SHORE,FAR ROCKAWAY,NY,247.0
330396,WOODHULL MEDICAL & MENTAL HEALTH CENTER,BROOKLYN,NY,208.0
330399,ST BARNABAS HOSPITAL,BRONX,NY,301.0
330401,ST CATHERINE OF SIENA HOSPITAL,SMITHTOWN,NY,204.0
331301,"CUBA MEMORIAL HOSPITAL, INC",CUBA,NY,57.0
331302,ELIZABETHTOWN COMMUNITY HOSPITAL,ELIZABETHTOWN,NY,111.0
331303,GARNET HEALTH MEDICAL CENTER CATSKILLS,CALLICOON,NY,82.0
331305,O'CONNOR HOSPITAL,DELHI,NY,92.0
331310,ELLENVILLE REGIONAL HOSPITAL,ELLENVILLE,NY,90.0
331311,LITTLE FALLS HOSPITAL,LITTLE FALLS,NY,109.0
331312,"DELAWARE VALLEY HOSPITAL, INC",WALTON,NY,103.0
331313,SCHUYLER HOSPITAL,MONTOUR FALLS,NY,99.0
331314,SOLDIERS AND SAILORS MEMORIAL HOSPITAL OF YATES,PENN YAN,NY,105.0
331315,GOUVERNEUR HOSPITAL,GOUVERNEUR,NY,75.0
331316,"COMMUNITY MEMORIAL HOSPITAL, INC",HAMILTON,NY,133.0
331319,MEDINA MEMORIAL HOSPITAL,MEDINA,NY,108.0
331320,COBLESKILL REGIONAL HOSPITAL,COBLESKILL,NY,109.0
331321,THE UNIVERSITY OF VERMONT HEALTH NETWORK-ALICE HY,MALONE,NY,169.0
331322,"SLHS MASSENA, INC",MASSENA,NY,111.0
331323,WYOMING COUNTY,WARSAW,NY,142.0
340001,CAROLINAS MEDICAL CENTER-NORTHEAST,CONCORD,NC,196.0
340002,MEMORIAL MISSION HOSPITAL AND ASHEVILLE SURGERY CE,ASHEVILLE,NC,183.0
340003,NORTHERN REGIONAL HOSPITAL,MOUNT AIRY,NC,189.0
340004,HIGH POINT REGIONAL HEALTH SYSTEM,HIGH POINT,NC,250.0
340008,SCOTLAND MEMORIAL HOSPITAL,LAURINBURG,NC,221.0
340010,UNC HEALTH CARE WAYNE,GOLDSBORO,NC,204.0
340013,RUTHERFORD REGIONAL MEDICAL CENTER,RUTHERFORDTON,NC,131.0
340014,NOVANT HEALTH FORSYTH MEDICAL CENTER,WINSTON-SALEM,NC,197.0
340015,NOVANT HEALTH ROWAN MEDICAL CENTER,SALISBURY,NC,208.0
340016,HARRIS REGIONAL HOSPITAL,SYLVA,NC,186.0
340017,PARDEE HOSPITAL HENDERSON COUNTY,HENDERSONVILLE,NC,196.0
340020,CENTRAL CAROLINA HOSPITAL,SANFORD,NC,179.0
340021,ATRIUM HEALTH CLEVELAND,SHELBY,NC,150.0
340023,ADVENTHEALTH HENDERSONVILLE,HENDERSONVILLE,NC,167.0
340024,SAMPSON REGIONAL MEDICAL CENTER,CLINTON,NC,134.0
340027,UNC LENOIR HEALTH CARE,KINSTON,NC,196.0
340028,CAPE FEAR VALLEY MEDICAL CENTER,FAYETTEVILLE,NC,225.0
340030,DUKE UNIVERSITY HOSPITAL,DURHAM,NC,300.0
340032,CAROMONT REGIONAL MEDICAL CENTER,GASTONIA,NC,196.0
340039,IREDELL MEMORIAL HOSPITAL INC,STATESVILLE,NC,183.0
340040,ECU HEALTH MEDICAL CENTER,GREENVILLE,NC,256.0
340041,CALDWELL MEMORIAL HOSPITAL,LENOIR,NC,177.0
340042,ONSLOW MEMORIAL HOSPITAL,JACKSONVILLE,NC,214.0
340047,NORTH CAROLINA BAPTIST HOSPITAL,WINSTON-SALEM,NC,203.0
340050,SOUTHEASTERN REGIONAL MEDICAL CENTER,LUMBERTON,NC,259.0
340051,WATAUGA MEDICAL CENTER,BOONE,NC,202.0
340053,NOVANT HEALTH PRESBYTERIAN MEDICAL CENTER,CHARLOTTE,NC,175.0
340060,UNC ROCKINGHAM,EDEN,NC,179.0
340061,UNC HOSPITALS,CHAPEL HILL,NC,291.0
340064,WILKES REGIONAL MEDICAL CENTER,NORTH WILKESBORO,NC,175.0
340068,COLUMBUS REGIONAL HEALTHCARE SYSTEM,WHITEVILLE,NC,182.0
340069,"WAKEMED, RALEIGH CAMPUS",RALEIGH,NC,194.0
340070,ALAMANCE REGIONAL MEDICAL CENTER,BURLINGTON,NC,206.0
340071,BETSY JOHNSON REGIONAL HOSPITAL,DUNN,NC,209.0
340075,"BLUE RIDGE HEALTHCARE HOSPITALS, INC",MORGANTON,NC,159.0
340084,ATRIUM HEALTH ANSON,WADESBORO,NC,120.0
340085,NOVANT HEALTH THOMASVILLE MEDICAL CENTER,THOMASVILLE,NC,171.0
340087,THE MCDOWELL HOSPITAL,MARION,NC,162.0
340090,JOHNSTON HEALTH,SMITHFIELD,NC,187.0
340091,"MOSES H. CONE MEMORIAL HOSPITAL, THE",GREENSBORO,NC,220.0
340096,LEXINGTON MEMORIAL HOSPITAL INC,LEXINGTON,NC,180.0
340097,HUGH CHATHAM MEMORIAL HOSPITAL,ELKIN,NC,170.0
340098,ATRIUM HEALTH PINEVILLE,CHARLOTTE,NC,176.0
340099,VIDANT ROANOKE CHOWAN HOSPITAL,AHOSKIE,NC,132.0
340107,VIDANT EDGECOMBE HOSPITAL,TARBORO,NC,231.0
340109,SENTARA ALBEMARLE MEDICAL CENTER,ELIZABETH CITY,NC,142.0
340113,CAROLINAS MEDICAL CENTER/BEHAV HEALTH,CHARLOTTE,NC,204.0
340114,REX HOSPITAL,RALEIGH,NC,191.0
340115,FIRSTHEALTH MOORE REGIONAL HOSPITAL,PINEHURST,NC,207.0
340116,FRYE REGIONAL MEDICAL CENTER,HICKORY,NC,180.0
340119,STANLY REGIONAL MEDICAL CENTER,ALBEMARLE,NC,130.0
34011F,NMC Camp Lejeune,Camp Lejeune,NC,210.0
340120,VIDANT DUPLIN HOSPITAL,KENANSVILLE,NC,170.0
340123,RANDOLPH HOSPITAL,ASHEBORO,NC,221.0
340126,WILSON MEDICAL CENTER,WILSON,NC,201.0
340127,GRANVILLE HEALTH SYSTEMS,OXFORD,NC,210.0
340129,DUKE HEALTH LAKE NORMAN HOSPITAL,MOORESVILLE,NC,172.0
340130,ATRIUM HEALTH UNION,MONROE,NC,127.0
340131,CAROLINA EAST MEDICAL CENTER,NEW BERN,NC,222.0
340132,MARIA PARHAM MEDICAL CENTER,HENDERSON,NC,175.0
340141,NOVANT HEALTH NEW HANOVER REGIONAL MEDICAL CENTER,WILMINGTON,NC,204.0
340142,CARTERET GENERAL HOSPITAL,MOREHEAD CITY,NC,234.0
340143,CATAWBA VALLEY MEDICAL CENTER,HICKORY,NC,220.0
340145,ATRIUM HEALTH LINCOLN,LINCOLNTON,NC,174.0
340147,UNC HEALTH NASH,ROCKY MOUNT,NC,190.0
34014F,Womack AMC (FT Bragg),Fort Bragg,NC,182.0
340151,ECU HEALTH NORTH HOSPITAL,ROANOKE RAPIDS,NC,214.0
340155,DUKE REGIONAL HOSPITAL,DURHAM,NC,250.0
340158,NOVANT HEALTH BRUNSWICK MEDICAL CENTER,SUPPLY,NC,174.0
340159,PERSON MEMORIAL HOSPITAL,ROXBORO,NC,176.0
340166,ATRIUM HEALTH UNIVERSITY CITY,CHARLOTTE,NC,144.0
340171,NOVANT HEALTH MATTHEWS MEDICAL CENTER,MATTHEWS,NC,228.0
340173,"WAKEMED, CARY HOSPITAL",CARY,NC,209.0
340183,NOVANT HEALTH HUNTERSVILLE MEDICAL CENTER,HUNTERSVILLE,NC,232.0
340184,HAYWOOD REGIONAL MEDICAL CENTER,CLYDE,NC,191.0
340188,CAPE FEAR VALLEY HOKE HOSPITAL,RAEFORD,NC,209.0
340190,NOVANT HEALTH MINT HILL MEDICAL CENTER,CHARLOTTE,NC,172.0
340195,NOVANT HEALTH BALLANTYNE MEDICAL CENTER,CHARLOTTE,NC,200.0
341303,FIRSTHEALTH MONTGOMERY MEMORIAL HOSP,TROY,NC,98.0
341304,ECU HEALTH BERTIE HOSPITAL,WINDSOR,NC,153.0
341305,DLP SWAIN COUNTY HOSPITAL LLC,BRYSON CITY,NC,80.0
341311,CHATHAM HOSPITAL INC,SILER CITY,NC,214.0
341315,CAPE FEAR VALLEY-BLADEN COUNTY HOSPITAL,ELIZABETHTOWN,NC,187.0
341316,HIGHLANDS CASHIERS HOSPITAL,HIGHLANDS,NC,104.0
341318,VIDANT CHOWAN HOSPITAL,EDENTON,NC,159.0
341319,"TRANSYLVANIA REGIONAL HOSPITAL, INC",BREVARD,NC,124.0
341322,ST LUKES HOSPITAL,COLUMBUS,NC,126.0
341323,CHARLES A CANNON JR MEMORIAL HOSPITAL,LINVILLE,NC,109.0
341324,"THE OUTER BANKS HOSPITAL, INC",NAGS HEAD,NC,212.0
341325,ASHE MEMORIAL HOSPITAL,JEFFERSON,NC,174.0
341326,ANGEL MEDICAL CENTER,FRANKLIN,NC,126.0
341327,J ARTHUR DOSHER MEMORIAL HOSPITAL,SOUTHPORT,NC,117.0
341328,ERLANGER MURPHY MEDICAL CENTER,MURPHY,NC,160.0
341329,BLUE RIDGE REGIONAL HOSPITAL,SPRUCE PINE,NC,126.0
350002,CHI ST ALEXIUS HEALTH,BISMARCK,ND,155.0
350006,TRINITY HOSPITALS,MINOT,ND,257.0
350011,SANFORD MEDICAL CENTER FARGO,FARGO,ND,192.0
350015,SANFORD MEDICAL CENTER BISMARCK,BISMARCK,ND,169.0
350019,ALTRU HOSPITAL,GRAND FORKS,ND,170.0
350070,ESSENTIA HEALTH,FARGO,ND,106.0
351300,TIOGA MEDICAL CENTER,TIOGA,ND,84.0
351301,MOUNTRAIL COUNTY MEDICAL CENTER INC,STANLEY,ND,81.0
351302,MCKENZIE COUNTY HEALTHCARE SYSTEMS INC,WATFORD CITY,ND,128.0
351303,GARRISON MEMORIAL HOSPITAL,GARRISON,ND,112.0
351304,CHI ST ALEXIUS HEALTH TURTLE LAKE,TURTLE LAKE,ND,110.0
351305,TRINITY KENMARE COMMUNITY HOSPITAL,KENMARE,ND,101.0
351306,COOPERSTOWN MEDICAL CENTER,COOPERSTOWN,ND,118.0
351307,ST ANDREW'S HOSPITAL,BOTTINEAU,ND,100.0
351308,NELSON COUNTY HEALTH SYSTEM,MCVILLE,ND,91.0
351309,SANFORD MAYVILLE,MAYVILLE,ND,107.0
351310,SAKAKAWEA MEDICAL CENTER - CAH,HAZEN,ND,129.0
351311,LISBON AREA HEALTH SERVICES,LISBON,ND,112.0
351312,NORTHWOOD DEACONESS HEALTH CENTER,NORTHWOOD,ND,87.0
351313,SOUTHWEST HEALTHCARE SERVICES,BOWMAN,ND,114.0
351314,JACOBSON MEMORIAL HOSPITAL CARE CENTER,ELGIN,ND,112.0
351315,CHI OAKES HOSPITAL,OAKES,ND,108.0
351316,PRESENTATION MEDICAL CENTER,ROLLA,ND,102.0
351318,CARRINGTON HEALTH CENTER,CARRINGTON,ND,97.0
351319,PEMBINA COUNTY MEMORIAL HOSPITAL,CAVALIER,ND,78.0
351320,UNITY MEDICAL CENTER,GRAFTON,ND,110.0
351321,SOUTH CENTRAL HEALTH,WISHEK,ND,98.0
351322,ASHLEY MEDICAL CENTER,ASHLEY,ND,85.0
351323,CAVALIER COUNTY MEMORIAL HOSPITAL ASSOCIATION,LANGDON,ND,98.0
351324,CHI MERCY HEALTH,VALLEY CITY,ND,100.0
351325,ST LUKE'S HOSPITAL,CROSBY,ND,82.0
351326,FIRST CARE HEALTH CENTER,PARK RIVER,ND,114.0
351327,SMP HEALTH ST ALOISIUS,HARVEY,ND,77.0
351328,LINTON HOSPITAL - CAH,LINTON,ND,116.0
351329,SANFORD HILLSBORO,HILLSBORO,ND,74.0
351330,WEST RIVER REGIONAL MEDICAL CENTER,HETTINGER,ND,114.0
351331,TOWNER COUNTY MEDICAL CENTER,CANDO,ND,65.0
351332,HEART OF AMERICA MEDICAL CENTER,RUGBY,ND,112.0
351333,CHI ST ALEXIUS HEALTH DEVILS LAKE,DEVILS LAKE,ND,134.0
351334,CHI ST ALEXIUS HEALTH WILLISTON,WILLISTON,ND,160.0
351335,JAMESTOWN REGIONAL MEDICAL CENTER,JAMESTOWN,ND,106.0
351336,CHI ST ALEXIUS HEALTH DICKINSON,DICKINSON,ND,188.0
351364,STANDING ROCK SERVICE UNIT,"FORT YATES,",ND,86.0
360001,MERCY HEALTH-ANDERSON HOSPITAL,CINCINNATI,OH,157.0
360002,UNIVERSITY HOSPITALS SAMARITAN MEDICAL CENTER,ASHLAND,OH,145.0
360003,"UNIVERSITY OF CINCINNATI MEDICAL CENTER, LLC",CINCINNATI,OH,272.0
360006,RIVERSIDE METHODIST HOSPITAL,COLUMBUS,OH,226.0
360008,SOUTHERN OHIO MEDICAL CENTER,PORTSMOUTH,OH,219.0
360009,LIMA MEMORIAL HEALTH SYSTEM,LIMA,OH,147.0
360010,UNION HOSPITAL,DOVER,OH,195.0
360011,MARION GENERAL HOSPITAL,MARION,OH,192.0
360012,MOUNT CARMEL ST ANN'S,WESTERVILLE,OH,172.0
360013,WILSON MEMORIAL HOSPITAL,SIDNEY,OH,149.0
360014,OHIOHEALTH O'BLENESS HOSPITAL,ATHENS,OH,217.0
360016,THE JEWISH HOSPITAL-MERCY HEALTH,CINCINNATI,OH,144.0
360017,GRANT MEDICAL CENTER,COLUMBUS,OH,154.0
360020,SUMMA HEALTH SYSTEM,AKRON,OH,188.0
360025,FIRELANDS REGIONAL MEDICAL CENTER,SANDUSKY,OH,170.0
360026,KETTERING HEALTH GREENE MEMORIAL,XENIA,OH,123.0
360027,AKRON GENERAL MEDICAL CENTER,AKRON,OH,163.0
360029,WOOD COUNTY HOSPITAL,BOWLING GREEN,OH,161.0
360032,GRAND LAKE HEALTH SYSTEM,SAINT MARYS,OH,149.0
360035,MOUNT CARMEL EAST & WEST,COLUMBUS,OH,141.0
360036,WOOSTER COMMUNITY HOSPITAL,WOOSTER,OH,171.0
360039,GENESIS HOSPITAL,ZANESVILLE,OH,193.0
360040,KNOX COMMUNITY HOSPITAL,MOUNT VERNON,OH,200.0
360041,PARMA COMMUNITY GENERAL HOSPITAL,PARMA,OH,215.0
360046,MCCULLOUGH-HYDE MEMORIAL HOSPITAL,OXFORD,OH,132.0
360048,UNIVERSITY OF TOLEDO MEDICAL CENTER,TOLEDO,OH,180.0
360051,MIAMI VALLEY HOSPITAL,DAYTON,OH,153.0
360054,HOLZER MEDICAL CENTER,GALLIPOLIS,OH,156.0
360055,INSIGHT HOSPITAL AND MEDICAL CENTER TRUMBULL,WARREN,OH,206.0
360056,MERCY HEALTH - FAIRFIELD HOSPITAL,FAIRFIELD,OH,166.0
360058,MERCER COUNTY JOINT TOWNSHIP COMMUNITY HOSPITAL,COLDWATER,OH,116.0
360059,METROHEALTH SYSTEM,CLEVELAND,OH,159.0
360064,ST ELIZABETH YOUNGSTOWN HOSPITAL,YOUNGSTOWN,OH,189.0
360065,FISHER-TITUS HOSPITAL,NORWALK,OH,133.0
360066,MERCY HEALTH-ST RITA'S MEDICAL CENTER,LIMA,OH,154.0
360068,PROMEDICA TOLEDO HOSPITAL,TOLEDO,OH,178.0
36006F,88th Medical Group (Wright-Patterson AFB),Wright-Patterson AFB,OH,106.0
360070,MERCY MEDICAL CENTER,CANTON,OH,254.0
360071,VAN WERT COUNTY HOSPITAL,VAN WERT,OH,148.0
360072,FAIRFIELD MEDICAL CENTER,LANCASTER,OH,146.0
360075,UH REGIONAL HOSPITALS,CHARDON,OH,195.0
360076,ATRIUM MEDICAL CENTER,FRANKLIN,OH,152.0
360077,FAIRVIEW HOSPITAL,CLEVELAND,OH,238.0
360078,UNIVERSITY HOSPITALS PORTAGE MEDICAL CENTER,RAVENNA,OH,220.0
360079,KETTERING HEALTH MAIN CAMPUS,KETTERING,OH,144.0
360080,EAST OHIO REGIONAL HOSPITAL,MARTINS FERRY,OH,147.0
360082,EUCLID HOSPITAL,EUCLID,OH,153.0
360084,AULTMAN HOSPITAL,CANTON,OH,199.0
360085,OHIO STATE UNIVERSITY STATE HEALTH SYSTEM,COLUMBUS,OH,306.0
360086,SPRINGFIELD REGIONAL MEDICAL CENTER,SPRINGFIELD,OH,139.0
360087,LUTHERAN HOSPITAL,CLEVELAND,OH,160.0
360089,MERCY HEALTH - TIFFIN HOSPITAL,TIFFIN,OH,128.0
360091,MEDINA HOSPITAL,MEDINA,OH,182.0
360092,MEMORIAL HOSPITAL,MARYSVILLE,OH,164.0
360095,BLANCHARD VALLEY HOSPITAL,FINDLAY,OH,180.0
360096,EAST LIVERPOOL CITY HOSPITAL,EAST LIVERPOOL,OH,137.0
360098,LAKE HEALTH,CONCORD,OH,170.0
360107,BELLEVUE HOSPITAL,BELLEVUE,OH,128.0
360109,COSHOCTON REGIONAL MEDICAL CENTER,COSHOCTON,OH,144.0
360112,MERCY ST VINCENT MEDICAL CENTER,TOLEDO,OH,149.0
360118,OHIOHEALTH MANSFIELD HOSPITAL,MANSFIELD,OH,127.0
360121,COMMUNITY HOSPITALS AND WELLNESS CENTERS,BRYAN,OH,118.0
360123,UH ST JOHN MEDICAL CENTER,WESTLAKE,OH,214.0
360125,ASHTABULA COUNTY MEDICAL CENTER,ASHTABULA,OH,176.0
360131,ALLIANCE COMMUNITY HOSPITAL,ALLIANCE,OH,163.0
360132,FORT HAMILTON HUGHES MEMORIAL HOSPITAL,HAMILTON,OH,120.0
360133,KETTERING HEALTH DAYTON,DAYTON,OH,132.0
360134,GOOD SAMARITAN HOSPITAL,CINCINNATI,OH,150.0
360137,UH CLEVELAND MEDICAL CENTER,CLEVELAND,OH,246.0
360143,MARYMOUNT HOSPITAL,GARFIELD HEIGHTS,OH,193.0
360144,SOUTH POINTE HOSPITAL,WARRENSVILLE HEIGHTS,OH,172.0
360145,UNIVERSITY HOSPITALS - ELYRIA MEDICAL CENTER,ELYRIA,OH,182.0
360147,MARIETTA MEMORIAL HOSPITAL,MARIETTA,OH,151.0
360148,POMERENE HOSPITAL,MILLERSBURG,OH,182.0
360150,SUMMA WESTERN RESERVE HOSPITAL,CUYAHOGA FALLS,OH,164.0
360152,DOCTORS HOSPITAL,COLUMBUS,OH,167.0
360155,SOUTHWEST GENERAL HEALTH CENTER,MIDDLEBURG HEIGHTS,OH,196.0
360156,MEMORIAL HOSPITAL,FREMONT,OH,128.0
360159,ADENA REGIONAL MEDICAL CENTER,CHILLICOTHE,OH,182.0
360161,MH ST JOSEPH WARREN HOSPITAL,WARREN,OH,190.0
360163,CHRIST HOSPITAL,CINCINNATI,OH,168.0
360170,BERGER HOSPITAL,CIRCLEVILLE,OH,198.0
360172,MERCY REGIONAL MEDICAL CENTER,LORAIN,OH,146.0
360174,UPPER VALLEY MEDICAL CENTER,TROY,OH,154.0
360175,CLINTON MEMORIAL HOSPITAL,WILMINGTON,OH,155.0
360179,BETHESDA NORTH,CINCINNATI,OH,151.0
360180,CLEVELAND CLINIC,CLEVELAND,OH,194.0
360185,SALEM REGIONAL MEDICAL CENTER,SALEM,OH,223.0
360189,MADISON HEALTH,LONDON,OH,130.0
360197,MARY RUTAN HOSPITAL,BELLEFONTAINE,OH,162.0
360203,SOUTHEASTERN OHIO REGIONAL MEDICAL CENTER,CAMBRIDGE,OH,170.0
360210,GRADY MEMORIAL HOSPITAL,DELAWARE,OH,156.0
360211,TRINITY MEDICAL CTR EAST &TRINITY MEDICAL CTR WEST,STEUBENVILLE,OH,200.0
360218,LICKING MEMORIAL HOSPITAL,NEWARK,OH,191.0
360230,HILLCREST HOSPITAL,MAYFIELD HEIGHTS,OH,201.0
360234,MERCY HEALTH - WEST HOSPITAL,CINCINNATI,OH,136.0
360236,MERCY HEALTH - CLERMONT HOSPITAL,BATAVIA,OH,142.0
360239,KETTERING HEALTH MIAMISBURG,MIAMISBURG,OH,119.0
360259,BAY PARK COMMUNITY HOSPITAL,OREGON,OH,125.0
360266,MOUNT CARMEL NEW ALBANY SURGICAL HOSPITAL,NEW ALBANY,OH,112.0
360270,MERCY HEALTH - DEFIANCE HOSPITAL,DEFIANCE,OH,124.0
360276,HMHP ST ELIZABETH BOARDMAN HEALTH CENTER,BOARDMAN,OH,268.0
360348,DUBLIN METHODIST HOSPITAL,DUBLIN,OH,221.0
360354,WEST CHESTER HOSPITAL,WEST CHESTER,OH,212.0
360358,DILEY RIDGE MEDICAL CENTER,CANAL WINCHESTER,OH,110.0
360359,UNIVERSITY HOSPITALS AHUJA MEDICAL CENTER,BEACHWOOD,OH,248.0
360360,SOIN MEDICAL CENTER,BEAVER CREEK,OH,126.0
360361,KINGS DAUGHTERS MEDICAL CENTER OHIO,PORTSMOUTH,OH,153.0
360364,CLEVELAND CLINIC AVON HOSPITAL,AVON,OH,247.0
360365,AVITA ONTARIO,ONTARIO,OH,143.0
360367,LAKE HEALTH BEACHWOOD MEDICAL CENTER,BEACHWOOD,OH,133.0
360368,KETTERING HEALTH TROY,TROY,OH,130.0
360374,MERCY HEALTH KINGS MILLS HOSPITAL LLC,MASON,OH,123.0
361300,PAULDING COUNTY HOSPITAL,PAULDING,OH,78.0
361303,LODI COMMUNITY HOSPITAL,LODI,OH,125.0
361304,GREENFIELD AREA MEDICAL CENTER,GREENFIELD,OH,105.0
361306,MERCY ALLEN HOSPITAL,OBERLIN,OH,100.0
361307,UHHS MEMORIAL HOSPITAL OF GENEVA,GENEVA,OH,182.0
361308,UNIVERSITY HOSPITALS CONNEAUT MEDICAL CENTER,CONNEAUT,OH,128.0
361309,"HENRY COUNTY HOSPITAL, INC",NAPOLEON,OH,103.0
361310,MERCY HEALTH - WILLARD HOSPITAL,WILLARD,OH,88.0
361311,HARRISON COMMUNITY HOSPITAL,CADIZ,OH,87.0
361312,MERCY HEALTH - URBANA HOSPITAL,URBANA,OH,114.0
361314,MAGRUDER HOSPITAL,PORT CLINTON,OH,140.0
361316,BUCYRUS COMMUNITY HOSPITAL,BUCYRUS,OH,112.0
361319,SELBY GENERAL HOSPITAL,MARIETTA,OH,113.0
361320,HOLZER MEDICAL CENTER JACKSON,JACKSON,OH,144.0
361321,"BARNESVILLE HOSPITAL ASSOCIATION, INC",BARNESVILLE,OH,112.0
361322,BLUFFTON HOSPITAL,BLUFFTON,OH,120.0
361323,AULTMAN ORRVILLE HOSPITAL,ORRVILLE,OH,107.0
361325,GALION COMMUNITY HOSPITAL,GALION,OH,122.0
361326,ADAMS COUNTY REGIONAL MEDICAL CENTER,SEAMAN,OH,189.0
361327,COMMUNITY HOSPITALS AND WELLNESS CENTERS,MONTPELIER,OH,93.0
361329,WYANDOT MEMORIAL HOSPITAL,UPPER SANDUSKY,OH,125.0
361331,ADENA FAYETTE MEDICAL CENTER,WASHINGTON CH,OH,128.0
361332,HIGHLAND DISTRICT HOSPITAL,HILLSBORO,OH,122.0
361333,FULTON COUNTY HEALTH CENTER,WAUSEON,OH,133.0
361334,ADENA PIKE MEDICAL CENTER,WAVERLY,OH,88.0
361335,WAYNE HOSPITAL,GREENVILLE,OH,130.0
370001,HILLCREST MEDICAL CENTER,TULSA,OK,228.0
370002,ALLIANCEHEALTH WOODWARD,WOODWARD,OK,111.0
370004,INTEGRIS MIAMI HOSPITAL,MIAMI,OK,88.0
370006,INTEGRIS HEALTH PONCA CITY,PONCA CITY,OK,150.0
370008,NORMAN REGIONAL,NORMAN,OK,141.0
370013,"MERCY HOSPITAL OKLAHOMA CITY, INC",OKLAHOMA CITY,OK,153.0
370014,ALLIANCEHEALTH DURANT,DURANT,OK,132.0
370015,HILLCREST HOSPITAL PRYOR,PRYOR,OK,88.0
370016,INTEGRIS HEALTH ENID HOSPITAL,ENID,OK,141.0
370018,ASCENSION ST JOHN JANE PHILLIPS,BARTLESVILLE,OK,159.0
370019,GREAT PLAINS REGIONAL MEDICAL CENTER,ELK CITY,OK,88.0
370020,MERCY HOSPITAL ADA,ADA,OK,138.0
370022,JACKSON COUNTY MEMORIAL HOSPITAL AUTHORITY,ALTUS,OK,114.0
370023,"DUNCAN REGIONAL HOSPITAL, INC",DUNCAN,OK,152.0
370025,SAINT FRANCIS HOSPITAL MUSKOGEE,MUSKOGEE,OK,187.0
370026,ST MARY'S REGIONAL MEDICAL CENTER,ENID,OK,128.0
370028,"INTEGRIS BAPTIST MEDICAL CENTER, INC",OKLAHOMA CITY,OK,145.0
370034,MCALESTER REGIONAL HEALTH CENTER,MCALESTER,OK,144.0
370037,SSM HEALTH ST ANTHONY HOSPITAL - OKLAHOMA CITY,OKLAHOMA CITY,OK,138.0
370039,HILLCREST HOSPITAL CLAREMORE,CLAREMORE,OK,142.0
370047,"MERCY HOSPITAL ARDMORE, INC",ARDMORE,OK,148.0
370049,STILLWATER MEDICAL CENTER,STILLWATER,OK,145.0
370054,GRADY MEMORIAL HOSPITAL,CHICKASHA,OK,113.0
370056,COMANCHE COUNTY MEMORIAL HOSPITAL,LAWTON,OK,128.0
370057,MUSCOGEE (CREEK) NATION MEDICAL CENTER,OKMULGEE,OK,148.0
370078,OKLAHOMA STATE UNIVERSITY MEDICAL CENTER,TULSA,OK,100.0
370083,PUSHMATAHA HOSPITAL,ANTLERS,OK,147.0
370089,NORTHEASTERN HEALTH SYSTEM,TAHLEQUAH,OK,123.0
370091,"SAINT FRANCIS HOSPITAL, INC",TULSA,OK,236.0
370093,O U MEDICAL CENTER,OKLAHOMA CITY,OK,198.0
370094,SSM HEALTH ST ANTHONY HOSPITAL - MIDWEST,MIDWEST CITY,OK,161.0
370097,SOUTHWESTERN MEDICAL CENTER,LAWTON,OK,150.0
370099,HILLCREST HOSPITAL CUSHING,CUSHING,OK,100.0
370100,CHOCTAW MEMORIAL HOSPITAL,HUGO,OK,149.0
370106,INTEGRIS SOUTHWEST MEDICAL CENTER,OKLAHOMA CITY,OK,98.0
370112,SEQUOYAH COUNTY-CITY OF SALLISAW HOSPITAL AUTHORIT,SALLISAW,OK,124.0
370113,INTEGRIS GROVE HOSPITAL,GROVE,OK,110.0
370114,ASCENSION ST JOHN MEDICAL CENTER,TULSA,OK,189.0
370149,SSM HEALTH ST ANTHONY HOSPITAL - SHAWNEE,SHAWNEE,OK,125.0
370158,PURCELL MUNICIPAL HOSPITAL,PURCELL,OK,72.0
370166,WAGONER COMMUNITY HOSPITAL,WAGONER,OK,108.0
370178,MEMORIAL HOSPITAL,STILWELL,OK,97.0
370183,HILLCREST HOSPITAL HENRYETTA,HENRYETTA,OK,92.0
370202,HILLCREST HOSPITAL SOUTH,TULSA,OK,193.0
370203,"COMMUNITY HOSPITAL, LLC",OKLAHOMA CITY,OK,86.0
370210,"OKLAHOMA SURGICAL HOSPITAL, LLC",TULSA,OK,188.0
370211,INTEGRIS CANADIAN VALLEY HOSPITAL,YUKON,OK,141.0
370215,"OKLAHOMA HEART HOSPITAL, LLC",OKLAHOMA CITY,OK,149.0
370216,TULSA SPINE & SPECIALTY HOSPITAL,TULSA,OK,210.0
370218,"SAINT FRANCIS HOSPITAL SOUTH, LLC",TULSA,OK,174.0
370222,MCBRIDE ORTHOPEDIC HOSPITAL,OKLAHOMA CITY,OK,66.0
370225,"SUMMIT MEDICAL CENTER, LLC",EDMOND,OK,125.0
370227,ST JOHN OWASSO,OWASSO,OK,154.0
370228,"BAILEY MEDICAL CENTER, LLC",OWASSO,OK,160.0
370234,"OKLAHOMA HEART HOSPITAL SOUTH, LLC",OKLAHOMA CITY,OK,139.0
370235,ASCENSION ST JOHN BROKEN ARROW,BROKEN ARROW,OK,176.0
370236,INTEGRIS HEALTH EDMOND HOSPITAL,EDMOND,OK,130.0
370237,"SAINT FRANCIS HOSPITAL VINITA, INC",VINITA,OK,102.0
370240,INTEGRIS COMMUNITY HOSPITAL - COUNCIL CROSSING,OKLAHOMA CITY,OK,66.0
370245,CLINTON REGIONAL HOSPITAL,CLINTON,OK,83.0
370246,CARRUS LAKESIDE HOSPITAL,BRISTOW,OK,82.0
371300,ATOKA COUNTY MEDICAL CENTER,ATOKA,OK,114.0
371301,PRAGUE REGIONAL MEMORIAL HOSPITAL,PRAGUE,OK,96.0
371302,"MERCY HOSPITAL WATONGA, INC",WATONGA,OK,94.0
371303,ROGER MILLS MEMORIAL HOSPITAL,CHEYENNE,OK,133.0
371304,MERCY HOSPITAL TISHOMINGO INC,TISHOMINGO,OK,65.0
371305,ASCENSION ST JOHN NOWATA,NOWATA,OK,86.0
371306,MERCY HOSPITAL MARIETTA,MARIETTA,OK,75.0
371307,CIMARRON MEMORIAL HOSPITAL,BOISE CITY,OK,107.0
371309,"PAWHUSKA HOSPITAL, INC",PAWHUSKA,OK,90.0
371310,"MERCY HOSPITAL HEALDTON, INC.",HEALDTON,OK,70.0
371311,JEFFERSON COUNTY HOSPITAL,WAURIKA,OK,84.0
371312,ASCENSION ST JOHN SAPULPA,SAPULPA,OK,136.0
371313,"MERCY HOSPITAL KINGFISHER, INC",KINGFISHER,OK,74.0
371314,THE PHYSICIANS' HOSPITAL IN ANADARKO,ANADARKO,OK,81.0
371316,RURAL WELLNESS STROUD HOSPITAL,STROUD,OK,97.0
371317,MERCY HOSPITAL LOGAN COUNTY,GUTHRIE,OK,67.0
371319,"COAL COUNTY GENERAL HOSPITAL, INC.",COALGATE,OK,102.0
371320,CLEVELAND AREA HOSPITAL,CLEVELAND,OK,81.0
371321,HOLDENVILLE GENERAL HOSPITAL,HOLDENVILLE,OK,93.0
371322,BEAVER COUNTY MEMORIAL HOSPITAL,BEAVER,OK,69.0
371323,"WEATHERFORD REGIONAL HOSPITAL, INC OF WEATHERFORD",WEATHERFORD,OK,119.0
371325,CORDELL MEMORIAL HOSPITAL,CORDELL,OK,125.0
371326,ALLIANCEHEALTH MADILL,MADILL,OK,78.0
371327,OKEENE MUNICIPAL HOSPITAL,OKEENE,OK,133.0
371329,FAIRVIEW REGIONAL MEDICAL CENTER AUTHORITY,FAIRVIEW,OK,108.0
371330,MANGUM REGIONAL MEDICAL CENTER,MANGUM,OK,74.0
371331,DRUMRIGHT REGIONAL HOSPITAL,DRUMRIGHT,OK,100.0
371332,SEILING MUNICIPAL HOSPITAL,SEILING,OK,107.0
371333,CREEK NATION COMMUNITY HOSPITAL,OKEMAH,OK,97.0
371334,CARNEGIE TRI-COUNTY MUNICIPAL HOSPITAL,CARNEGIE,OK,78.0
371335,"HASKELL REGIONAL HOSPITAL, INC",STIGLER,OK,125.0
371336,NEWMAN MEMORIAL HOSPITAL,SHATTUCK,OK,126.0
371337,EASTERN OKLAHOMA MEDICAL CENTER,POTEAU,OK,121.0
371338,HARMON MEMORIAL HOSPITAL,HOLLIS,OK,110.0
371340,MEMORIAL HOSPITAL OF TEXAS COUNTY AUTHORITY,GUYMON,OK,137.0
371341,SHARE MEDICAL CENTER,ALVA,OK,140.0
371342,MCCURTAIN MEMORIAL HOSPITAL,IDABEL,OK,86.0
380001,MID-COLUMBIA MEDICAL CENTER,THE DALLES,OR,136.0
380002,ASANTE THREE RIVERS MEDICAL CENTER,GRANTS PASS,OR,202.0
380004,PROVIDENCE ST VINCENT MEDICAL CENTER,PORTLAND,OR,238.0
380005,ASANTE ASHLAND COMMUNITY HOSPITAL,ASHLAND,OR,121.0
380007,LEGACY EMANUEL MEDICAL CENTER,PORTLAND,OR,169.0
380009,OHSU HOSPITAL AND CLINICS,PORTLAND,OR,254.0
380014,GOOD SAMARITAN REGIONAL MEDICAL CENTER,CORVALLIS,OR,233.0
380017,LEGACY GOOD SAMARITAN MEDICAL CENTER,PORTLAND,OR,190.0
380018,ASANTE ROGUE REGIONAL MEDICAL CENTER,MEDFORD,OR,224.0
380020,MCKENZIE-WILLAMETTE MEDICAL CENTER,SPRINGFIELD,OR,171.0
380021,HILLSBORO MEDICAL CENTER,HILLSBORO,OR,211.0
380022,SAMARITAN ALBANY GENERAL HOSPITAL,ALBANY,OR,192.0
380025,LEGACY MOUNT HOOD MEDICAL CENTER,GRESHAM,OR,171.0
380027,MERCY MEDICAL CENTER,ROSEBURG,OR,174.0
380029,LEGACY SILVERTON MEDICAL CENTER,SILVERTON,OR,147.0
380037,PROVIDENCE NEWBERG MEDICAL CENTER,NEWBERG,OR,194.0
380038,PROVIDENCE WILLAMETTE FALLS MEDICAL CENTER,OREGON CITY,OR,245.0
380047,ST CHARLES MEDICAL CENTER - BEND,BEND,OR,172.0
380050,SKY LAKES MEDICAL CENTER,KLAMATH FALLS,OR,195.0
380051,SALEM HOSPITAL,SALEM,OR,251.0
380052,SAINT ALPHONSUS MEDICAL CENTER ONTARIO,ONTARIO,OR,120.0
380056,SANTIAM HOSPITAL & CLINICS,STAYTON,OR,110.0
380060,ADVENTIST HEALTH PORTLAND,PORTLAND,OR,212.0
380061,PROVIDENCE PORTLAND MEDICAL CENTER,PORTLAND,OR,216.0
380071,WILLAMETTE VALLEY MEDICAL CENTER,MCMINNVILLE,OR,177.0
380075,PROVIDENCE MEDFORD MEDICAL CENTER,MEDFORD,OR,225.0
380082,PROVIDENCE MILWAUKIE HOSPITAL,MILWAUKIE,OR,177.0
380089,LEGACY MERIDIAN PARK MEDICAL CENTER,TUALATIN,OR,163.0
380090,BAY AREA HOSPITAL,COOS BAY,OR,159.0
380102,SACRED HEART MEDICAL CENTER - RIVERBEND,SPRINGFIELD,OR,252.0
381301,PEACEHEALTH COTTAGE GROVE COMMUNITY MEDICAL CENTER,COTTAGE GROVE,OR,121.0
381302,SAMARITAN NORTH LINCOLN HOSPITAL,LINCOLN CITY,OR,152.0
381303,PROVIDENCE SEASIDE HOSPITAL,SEASIDE,OR,144.0
381304,SOUTHERN COOS HOSPITAL & HEALTH CENTER,BANDON,OR,99.0
381305,BLUE MOUNTAIN HOSPITAL,JOHN DAY,OR,108.0
381306,WALLOWA MEMORIAL HOSPITAL,ENTERPRISE,OR,107.0
381307,HARNEY DISTRICT HOSPITAL,BURNS,OR,100.0
381308,SALEM HEALTH WEST VALLEY HOSPITAL,DALLAS,OR,120.0
381309,LAKE DISTRICT HOSPITAL,LAKEVIEW,OR,117.0
381310,PIONEER MEMORIAL HOSPITAL (HEPPNER),HEPPNER,OR,128.0
381311,LOWER UMPQUA HOSPITAL DISTRICT,REEDSPORT,OR,107.0
381312,COQUILLE VALLEY HOSPITAL,COQUILLE,OR,124.0
381313,ST CHARLES MEDICAL CENTER PRINEVILLE,PRINEVILLE,OR,123.0
381314,SAMARITAN PACIFIC COMMUNITY HOSPITAL,NEWPORT,OR,176.0
381315,ST. ALPHONSUS MEDICAL CENTER - BAKER CITY,BAKER CITY,OR,100.0
381316,PEACE HARBOR MEDICAL CENTER,FLORENCE,OR,127.0
381318,PROVIDENCE HOOD RIVER MEMORIAL HOSPITAL,HOOD RIVER,OR,108.0
381319,ST ANTHONY HOSPITAL,PENDLETON,OR,148.0
381320,COLUMBIA MEMORIAL HOSPITAL,ASTORIA,OR,132.0
381321,GRANDE RONDE HOSPITAL,LA GRANDE,OR,108.0
381322,CURRY GENERAL HOSPITAL,GOLD BEACH,OR,108.0
381323,SAMARITAN LEBANON COMMUNITY HOSPITAL,LEBANON,OR,191.0
381324,ST CHARLES MADRAS,MADRAS,OR,131.0
381325,GOOD SHEPHERD MEDICAL CENTER,HERMISTON,OR,160.0
390001,GEISINGER-COMMUNITY MEDICAL CENTER,SCRANTON,PA,202.0
390002,UPMC MCKEESPORT HOSPITAL,MC KEESPORT,PA,205.0
390003,GEISINGER-BLOOMSBURG HOSPITAL,BLOOMSBURG,PA,165.0
390004,PENN STATE HEALTH HOLY SPIRIT MEDICAL CENTER,CAMP HILL,PA,248.0
390006,GEISINGER MEDICAL CENTER,DANVILLE,PA,163.0
390009,SAINT VINCENT HOSPITAL,ERIE,PA,209.0
390012,JEFFERSON LANSDALE HOSPITAL,LANSDALE,PA,213.0
390013,WELLSPAN EVANGELICAL COMMUNITY HOSPITAL,LEWISBURG,PA,257.0
390016,UPMC JAMESON,NEW CASTLE,PA,184.0
390026,TEMPLE HEALTH - CHESTNUT HILL HOSPITAL,PHILADELPHIA,PA,211.0
390027,TEMPLE UNIVERSITY HOSPITAL,PHILADELPHIA,PA,223.0
390028,UPMC MERCY,PITTSBURGH,PA,224.0
390030,SCHUYLKILL MEDICAL CENTER - SOUTH JACKSON STREET,POTTSVILLE,PA,180.0
390032,ALLEGHENY VALLEY HOSPITAL,NATRONA,PA,202.0
390035,ST LUKE'S HOSPITAL - UPPER BUCKS CAMPUS,QUAKERTOWN,PA,189.0
390036,HERITAGE VALLEY BEAVER,BEAVER,PA,171.0
390037,HERITAGE VALLEY SEWICKLEY,SEWICKLEY,PA,130.0
390039,UPMC SOMERSET,SOMERSET,PA,227.0
390041,UNIONTOWN HOSPITAL,UNIONTOWN,PA,187.0
390042,"WASHINGTON HOSPITAL, THE",WASHINGTON,PA,259.0
390044,READING HOSPITAL,WEST READING,PA,237.0
390045,UPMC WILLIAMSPORT,WILLIAMSPORT,PA,147.0
390046,WELLSPAN YORK HOSPITAL,YORK,PA,260.0
390048,GEISINGER-LEWISTOWN HOSPITAL,LEWISTOWN,PA,185.0
390049,ST LUKES HOSPITAL BETHLEHEM,BETHLEHEM,PA,128.0
390050,ALLEGHENY GENERAL HOSPITAL,PITTSBURGH,PA,260.0
390056,PENN HIGHLANDS HUNTINGDON,HUNTINGDON,PA,157.0
390057,ST LUKE'S HOSPITAL - GRAND VIEW CAMPUS,SELLERSVILLE,PA,217.0
390058,UPMC CARLISLE,CARLISLE,PA,197.0
390062,CONEMAUGH NASON MEDICAL CENTER,ROARING SPRING,PA,151.0
390063,UPMC HAMOT,ERIE,PA,189.0
390065,GETTYSBURG HOSPITAL,GETTYSBURG,PA,143.0
390066,WELLSPAN GOOD SAMARITAN HOSPITAL,LEBANON,PA,205.0
390067,UPMC PINNACLE HOSPITALS,HARRISBURG,PA,215.0
390068,UPMC LITITZ,LITITZ,PA,164.0
390070,LOWER BUCKS HOSPITAL,BRISTOL,PA,156.0
390073,UPMC ALTOONA,ALTOONA,PA,202.0
390079,ROBERT PACKER HOSPITAL,SAYRE,PA,172.0
390086,PENN HIGHLANDS DUBOIS,DUBOIS,PA,160.0
390090,WEST PENN HOSPITAL,PITTSBURGH,PA,192.0
390091,UPMC NORTHWEST,SENECA,PA,139.0
390093,CLARION HOSPITAL,CLARION,PA,150.0
390096,PENN STATE HEALTH ST. JOSEPH,READING,PA,229.0
390097,HOLY REDEEMER HOSPITAL AND MEDICAL CENTER,MEADOWBROOK,PA,198.0
390100,LANCASTER GENERAL HOSPITAL,LANCASTER,PA,209.0
390101,UPMC MEMORIAL,YORK,PA,272.0
390102,UPMC ST MARGARET,PITTSBURGH,PA,222.0
390107,UPMC PASSAVANT,PITTSBURGH,PA,200.0
390110,CONEMAUGH MEMORIAL MEDICAL CENTER,JOHNSTOWN,PA,169.0
390111,HOSPITAL OF UNIV OF PENNSYLVANIA,PHILADELPHIA,PA,286.0
390112,CHAN SOON- SHIONG MEDICAL CENTER AT WINDBER,WINDBER,PA,145.0
390113,MEADVILLE MEDICAL CENTER,MEADVILLE,PA,192.0
390114,MAGEE WOMENS HOSPITAL OF UPMC HEALTH SYSTEM,PITTSBURGH,PA,198.0
390115,JEFFERSON HEALTH- NORTHEAST,PHILADELPHIA,PA,292.0
390116,SUBURBAN COMMUNITY HOSPITAL,NORRISTOWN,PA,155.0
390117,UPMC BEDFORD MEMORIAL,EVERETT,PA,142.0
390123,POTTSTOWN HOSPITAL,POTTSTOWN,PA,202.0
390125,WAYNE MEMORIAL HOSPITAL,HONESDALE,PA,200.0
390127,PHOENIXVILLE HOSPITAL,PHOENIXVILLE,PA,180.0
390133,LEHIGH VALLEY HOSPITAL,ALLENTOWN,PA,182.0
390137,WILKES-BARRE GENERAL HOSPITAL,WILKES-BARRE,PA,216.0
390138,WELLSPAN WAYNESBORO HOSPITAL,WAYNESBORO,PA,137.0
390139,BRYN MAWR HOSPITAL,BRYN MAWR,PA,212.0
390142,JEFFERSON EINSTEIN PHILADELPHIA HOSPITAL,PHILADELPHIA,PA,276.0
390145,EXCELA HEALTH WESTMORELAND REGIONAL HOSPITAL,GREENSBURG,PA,184.0
390146,WARREN GENERAL HOSPITAL,WARREN,PA,211.0
390147,PENN HIGHLANDS MON VALLEY,MONONGAHELA,PA,198.0
390150,UPMC GREENE,WAYNESBURG,PA,122.0
390151,WELLSPAN CHAMBERSBURG HOSPITAL,CHAMBERSBURG,PA,179.0
390153,PAOLI HOSPITAL,PAOLI,PA,212.0
390156,MERCY CATHOLIC MEDICAL CENTER- MERCY FITZGERALD,DARBY,PA,201.0
390160,CANONSBURG GENERAL HOSPITAL,CANONSBURG,PA,147.0
390162,ST LUKE'S HOSPITAL - EASTON CAMPUS,EASTON,PA,113.0
390163,ACMH HOSPITAL,KITTANNING,PA,202.0
390164,UPMC PRESBYTERIAN SHADYSIDE,PITTSBURGH,PA,228.0
390168,INDEPENDENCE HEALTH SYSTEM BUTLER MEMORIAL HOSPITA,BUTLER,PA,199.0
390173,INDIANA REGIONAL MEDICAL CENTER,INDIANA,PA,157.0
390174,THOMAS JEFFERSON UNIVERSITY HOSPITAL,PHILADELPHIA,PA,253.0
390178,UPMC HORIZON,GREENVILLE,PA,169.0
390179,CHESTER COUNTY HOSPITAL,WEST CHESTER,PA,246.0
390180,CROZER CHESTER MEDICAL CENTER,UPLAND,PA,216.0
390183,ST LUKE'S MINERS MEMORIAL HOSPITAL,COALDALE,PA,130.0
390184,PENN HIGHLANDS CONNELLSVILLE,CONNELLSVILLE,PA,74.0
390185,LEHIGH VALLEY HOSPITAL - HAZLETON,HAZLETON,PA,197.0
390195,MAIN LINE HOSPITAL LANKENAU,WYNNEWOOD,PA,292.0
390198,LECOM MEDICAL CENTER AND BEHAVIORAL HEALTH PAV,ERIE,PA,118.0
390199,PUNXSUTAWNEY AREA HOSPITAL,PUNXSUTAWNEY,PA,138.0
390201,LEHIGH VALLEY HOSPITAL - POCONO,EAST STROUDSBURG,PA,229.0
390203,DOYLESTOWN HOSPITAL,DOYLESTOWN,PA,218.0
390204,NAZARETH HOSPITAL,PHILADELPHIA,PA,218.0
390211,SHARON REGIONAL MEDICAL CENTER,SHARON,PA,130.0
390217,EXCELA HEALTH - FRICK HOSPITAL,MOUNT PLEASANT,PA,122.0
390219,EXCELA HEALTH LATROBE HOSPITAL,LATROBE,PA,182.0
390222,RIDDLE MEMORIAL HOSPITAL,MEDIA,PA,270.0
390223,PENN PRESBYTERIAN MEDICAL CENTER,PHILADELPHIA,PA,311.0
390225,WELLSPAN EPHRATA COMMUNITY HOSPITAL,EPHRATA,PA,191.0
390226,PENNSYLVANIA HOSPITAL,PHILADELPHIA,PA,272.0
390228,ST CLAIR HOSPITAL,PITTSBURGH,PA,190.0
390231,JEFFERSON ABINGTON HOSPITAL,ABINGTON,PA,264.0
390233,UPMC HANOVER,HANOVER,PA,209.0
390237,REGIONAL HOSPITAL OF SCRANTON,SCRANTON,PA,186.0
390256,MILTON S HERSHEY MEDICAL CENTER,HERSHEY,PA,246.0
390258,ST MARY MEDICAL CENTER,LANGHORNE,PA,218.0
390265,JEFFERSON HOSPITAL,JEFFERSON HILLS,PA,170.0
390266,GROVE CITY MEDICAL CENTER,GROVE CITY,PA,146.0
390267,FORBES HOSPITAL,MONROEVILLE,PA,242.0
390268,MOUNT NITTANY MEDICAL CENTER,STATE COLLEGE,PA,187.0
390270,GEISINGER WYOMING VALLEY MEDICAL CENTER,WILKES BARRE,PA,212.0
390304,ROXBOROUGH MEMORIAL HOSPITAL,PHILADELPHIA,PA,188.0
390326,ST LUKE'S HOSPITAL - ANDERSON CAMPUS,EASTON,PA,184.0
390328,UPMC EAST,MONROEVILLE,PA,232.0
390329,JEFFERSON EINSTEIN MONTGOMERY HOSPITAL,EAST NORRITON,PA,296.0
390330,ST LUKE'S HOSPITAL - MONROE CAMPUS,STROUDSBURG,PA,171.0
390332,GEISINGER ST. LUKE'S  HOSPITAL,ORWIGSBURG,PA,116.0
390333,"AHN EMERUS WESTMORELAND, LLC",GREENSBURG,PA,96.0
390334,AHN WEXFORD HOSPITAL,WEXFORD,PA,191.0
390335,ST LUKE'S HOSPITAL - CARBON CAMPUS,LEHIGHTON,PA,142.0
390336,PENN STATE HEALTH HAMPDEN MEDICAL CENTER,ENOLA,PA,202.0
390337,GEISINGER MEDICAL CENTER MUNCY,MUNCY,PA,113.0
390338,LEHIGH VALLEY HOSPITAL - DICKSON CITY,DICKSON CITY,PA,174.0
390339,PENN STATE HEALTH LANCASTER MEDICAL CENTER,LANCASTER,PA,238.0
390430,LEHIGH VALLEY HOSPITAL - MACUNGIE,MACUNGIE,PA,120.0
391300,GEISINGER JERSEY SHORE HOSPITAL,JERSEY SHORE,PA,116.0
391301,UPMC MUNCY,MUNCY,PA,124.0
391302,CONEMAUGH MEYERSDALE MEDICAL CENTER,MEYERSDALE,PA,90.0
391303,FULTON COUNTY MEDICAL CENTER,MCCONNELLSBURG,PA,104.0
391305,TROY COMMUNITY HOSPITAL,TROY,PA,120.0
391306,ENDLESS MOUNTAINS HEALTH SYSTEMS,MONTROSE,PA,126.0
391307,PENN HIGHLANDS TYRONE,TYRONE,PA,105.0
391308,LECOM HEALTH CORRY MEMORIAL HOSPITAL,CORRY,PA,151.0
391309,BARNES-KASSON COUNTY HOSPITAL,SUSQUEHANNA,PA,94.0
391312,PENN HIGHLANDS BROOKVILLE,BROOKVILLE,PA,127.0
391313,UPMC COLE,COUDERSPORT,PA,169.0
391314,TITUSVILLE AREA HOSPITAL,TITUSVILLE,PA,136.0
391315,PENN HIGHLANDS ELK,SAINT MARYS,PA,183.0
391316,UPMC WELLSBORO,WELLSBORO,PA,185.0
391317,CONEMAUGH MINERS MEDICAL CENTER,HASTINGS,PA,118.0
400022,HOSPITAL DAMAS INC,PONCE,PR,223.0
400032,BAYAMON MEDICAL CENTER,BAYAMON,PR,297.0
400048,HOSPITAL MENONITA GUAYAMA,GUAYAMA,PR,295.0
400114,MANATI MEDICAL CENTER DR OTERO LOPEZ,MANATI,PR,438.0
400137,DOCTORS CENTER HOSPITAL ORLANDO HEALTH DORADO,DORADO,PR,325.0
400138,PUERTO RICO WOMEN AND CHILDREN HOSPITAL LLC,BAYAMON,PR,260.0
410004,ROGER WILLIAMS MEDICAL CENTER,PROVIDENCE,RI,228.0
410005,OUR LADY OF FATIMA HOSPITAL,NORTH PROVIDENCE,RI,191.0
410006,NEWPORT HOSPITAL,NEWPORT,RI,176.0
410007,RHODE ISLAND HOSPITAL,PROVIDENCE,RI,267.0
410008,SOUTH COUNTY HOSPITAL INC,WAKEFIELD,RI,204.0
410009,KENT COUNTY MEMORIAL HOSPITAL,WARWICK,RI,264.0
410010,WOMEN & INFANTS HOSPITAL OF RHODE ISLAND,PROVIDENCE,RI,224.0
410011,LANDMARK MEDICAL CENTER,WOONSOCKET,RI,228.0
410012,THE MIRIAM HOSPITAL,PROVIDENCE,RI,322.0
410013,WESTERLY HOSPITAL,WESTERLY,RI,130.0
420002,PIEDMONT MEDICAL CENTER,ROCK HILL,SC,189.0
420004,MUSC MEDICAL CENTER,CHARLESTON,SC,212.0
420005,MCLEOD MEDICAL CENTER - DILLON,DILLON,SC,172.0
420007,SPARTANBURG MEDICAL CENTER,SPARTANBURG,SC,182.0
420009,PRISMA HEALTH OCONEE MEMORIAL HOSPITAL,SENECA,SC,155.0
420010,CAROLINA PINES REGIONAL MEDICAL CENTER,HARTSVILLE,SC,139.0
420011,CANNON MEMORIAL HOSPITAL,PICKENS,SC,117.0
420015,PRISMA HEALTH BAPTIST EASLEY HOSPITAL,EASLEY,SC,169.0
420018,PRISMA HEALTH RICHLAND HOSPITAL,COLUMBIA,SC,224.0
420019,MUSC HEALTH CHESTER MEDICAL CENTER,CHESTER,SC,140.0
420020,TIDELANDS GEORGETOWN MEMORIAL HOSPITAL,GEORGETOWN,SC,168.0
420023,ST FRANCIS-DOWNTOWN,GREENVILLE,SC,161.0
420026,MUSC HEALTH COLUMBIA MEDICAL CENTER DOWNTOWN,COLUMBIA,SC,131.0
420027,ANMED HEALTH,ANDERSON,SC,267.0
420030,COLLETON MEDICAL CENTER,WALTERBORO,SC,131.0
420033,PRISMA HEALTH GREER MEMORIAL HOSPITAL,SPARTANBURG,SC,197.0
420036,MUSC HEALTH LANCASTER MEDICAL CENTER,LANCASTER,SC,150.0
420037,PRISMA HEALTH HILLCREST HOSPITAL,SIMPSONVILLE,SC,173.0
420038,PRISMA HEALTH LAURENS COUNTY HOSPITAL,CLINTON,SC,149.0
420043,CHEROKEE MEDICAL CENTER,GAFFNEY,SC,163.0
420048,KERSHAWHEALTH,CAMDEN,SC,168.0
420049,CONWAY MEDICAL CENTER,CONWAY,SC,134.0
420051,MCLEOD REGIONAL MEDICAL CENTER-PEE DEE,FLORENCE,SC,237.0
420053,NEWBERRY COUNTY MEMORIAL HOSPITAL,NEWBERRY,SC,112.0
420055,MUSC HEALTH MARION MEDICAL CENTER,MULLINS,SC,121.0
420065,BON SECOURS-ST FRANCIS XAVIER HOSPITAL,CHARLESTON,SC,142.0
420067,BEAUFORT COUNTY MEMORIAL HOSPITAL,BEAUFORT,SC,216.0
420070,PRISMA HEALTH TUOMEY HOSPITAL,SUMTER,SC,184.0
420071,SELF REGIONAL HEALTHCARE,GREENWOOD,SC,197.0
420072,HAMPTON REGIONAL MEDICAL CENTER,VARNVILLE,SC,186.0
420073,LEXINGTON MEDICAL CENTER,WEST COLUMBIA,SC,232.0
420078,PRISMA HEALTH GREENVILLE MEMORIAL HOSPITAL,GREENVILLE,SC,224.0
420079,TRIDENT MEDICAL CENTER,CHARLESTON,SC,126.0
420080,HILTON HEAD REGIONAL MEDICAL CENTER,HILTON HEAD ISLAND,SC,176.0
420082,AIKEN REGIONAL MEDICAL CENTER,AIKEN,SC,182.0
420085,GRAND STRAND REGIONAL MEDICAL CENTER,MYRTLE BEACH,SC,124.0
420086,PRISMA HEALTH BAPTIST,COLUMBIA,SC,163.0
420087,ROPER HOSPITAL,CHARLESTON,SC,94.0
420089,EAST COOPER MEDICAL CENTER,MOUNT PLEASANT,SC,146.0
420091,MUSC HEALTH FLORENCE MEDICAL CENTER,FLORENCE,SC,194.0
420098,TIDELANDS WACCAMAW COMMUNITY HOSPITAL,MURRELLS INLET,SC,180.0
420101,COASTAL CAROLINA HOSPITAL,HARDEEVILLE,SC,133.0
420103,PELHAM MEDICAL CENTER,GREER,SC,182.0
420104,MOUNT PLEASANT HOSPITAL,MOUNT PLEASANT,SC,126.0
420105,MCLEOD LORIS  HOSPITAL,LORIS,SC,135.0
420106,PRISMA HEALTH BAPTIST PARKRIDGE,COLUMBIA,SC,162.0
420107,MCLEOD HEALTH CHERAW,CHERAW,SC,130.0
420108,UNION MEDICAL CENTER,UNION,SC,150.0
420109,MCLEOD HEALTH CLARENDON,MANNING,SC,218.0
420110,ROPER ST FRANCIS HOSPITAL-BERKELEY INC,SUMMERVILLE,SC,141.0
421301,ABBEVILLE AREA MEDICAL CENTER,ABBEVILLE,SC,122.0
421304,EDGEFIELD COUNTY HEALTHCARE AN AFFILIATE OF SELF R,EDGEFIELD,SC,91.0
430005,"PRAIRIE LAKES HEALTHCARE SYSTEM, INC",WATERTOWN,SD,118.0
430008,BROOKINGS HEALTH SYSTEM,BROOKINGS,SD,102.0
430012,AVERA SACRED HEART HOSPITAL,YANKTON,SD,114.0
430014,AVERA ST LUKES,ABERDEEN,SD,118.0
430015,AVERA ST MARY'S HOSPITAL,PIERRE,SD,125.0
430016,AVERA MCKENNAN HOSPITAL & UNIVERSITY HEALTH CENTER,SIOUX FALLS,SD,114.0
430027,SANFORD USD MEDICAL CENTER,SIOUX FALLS,SD,203.0
430048,MONUMENT HEALTH SPEARFISH HOSPITAL,SPEARFISH,SD,134.0
430077,MONUMENT HEALTH RAPID CITY HOSPITAL,RAPID CITY,SD,158.0
430095,AVERA HEART HOSPITAL OF SOUTH DAKOTA,SIOUX FALLS,SD,112.0
430097,SANFORD MEDICAL CENTER ABERDEEN,ABERDEEN,SD,127.0
431300,MADISON REGIONAL HEALTH SYSTEM,MADISON,SD,103.0
431301,FAULKTON AREA MEDICAL CENTER,FAULKTON,SD,120.0
431302,AVERA MISSOURI RIVER HEALTH CENTER,GETTYSBURG,SD,118.0
431305,DOUGLAS COUNTY MEMORIAL HOSPITAL-CAH,ARMOUR,SD,112.0
431306,PLATTE HEALTH CENTER,PLATTE,SD,127.0
431307,SANFORD CLEAR LAKE MEDICAL CENTER,CLEAR LAKE,SD,94.0
431308,EUREKA COMMUNITY HEALTH SERVICES - CAH,EUREKA,SD,126.0
431309,COMMUNITY MEMORIAL HOSPITAL,BURKE,SD,142.0
431310,AVERA FLANDREAU HOSPITAL - CAH,FLANDREAU,SD,114.0
431311,SANFORD HOSPITAL WEBSTER - CAH,WEBSTER,SD,113.0
431312,MARSHALL COUNTY HEALTHCARE CENTER - CAH,BRITTON,SD,105.0
431313,FREEMAN MEDICAL CENTER - CAH,FREEMAN,SD,129.0
431314,BENNETT COUNTY HOSPITAL AND NURSING HOME - CAH,MARTIN,SD,76.0
431315,WAGNER COMMUNITY MEMORIAL HOSPITAL - CAH,WAGNER,SD,114.0
431316,COMMUNITY MEMORIAL HOSPITAL,REDFIELD,SD,98.0
431317,LANDMANN-JUNGMAN MEMORIAL HOSPITAL - CAH,SCOTLAND,SD,114.0
431318,BOWDLE HOSPITAL - CAH,BOWDLE,SD,104.0
431319,HANS P PETERSON MEMORIAL HOSPITAL - CAH,PHILIP,SD,92.0
431320,MONUMENT HEALTH LEAD-DEADWOOD HOSPITAL,DEADWOOD,SD,104.0
431321,MONUMENT HEALTH STURGIS HOSPITAL,STURGIS,SD,138.0
431322,FALL RIVER HOSPITAL - CAH,HOT SPRINGS,SD,86.0
431323,MONUMENT HEALTH CUSTER HOSPITAL,CUSTER,SD,129.0
431324,AVERA WESKOTA MEMORIAL MEDICAL CENTER - CAH,WESSINGTON SPRINGS,SD,141.0
431325,MOBRIDGE REGIONAL HOSPITAL - CAH,MOBRIDGE,SD,82.0
431326,MILBANK AREA HOSPITAL/AVERA HEALTH,MILBANK,SD,123.0
431327,ST MICHAEL'S HOSPITAL - CAH,TYNDALL,SD,117.0
431328,PIONEER MEMORIAL HOSPITAL - CAH,VIBORG,SD,116.0
431329,SANFORD CHAMBERLAIN MEDICAL CENTER,CHAMBERLAIN,SD,87.0
431330,AVERA ST BENEDICT HEALTH CENTER - CAH,PARKSTON,SD,109.0
431331,AVERA DELLS AREA HOSPITAL  - CAH,DELL RAPIDS,SD,106.0
431332,AVERA DE SMET MEMORIAL HOSPITAL - CAH,DE SMET,SD,120.0
431333,SANFORD CANTON-INWOOD MEDICAL CENTER - CAH,CANTON,SD,124.0
431334,WINNER REGIONAL HEALTHCARE CENTER - CAH,WINNER,SD,108.0
431335,HURON REGIONAL MEDICAL CENTER,HURON,SD,100.0
431336,SANFORD VERMILLION MEDICAL CENTER,VERMILLION,SD,109.0
431337,AVERA HAND COUNTY MEMORIAL HOSPITAL AND CLINIC,MILLER,SD,114.0
431338,AVERA GREGORY HOSPITAL,GREGORY,SD,140.0
431339,COTEAU DES PRAIRIES HEALTH CARE SYSTEM,SISSETON,SD,50.0
431340,AVERA QUEEN OF PEACE,MITCHELL,SD,101.0
431383,EAGLE BUTTE INDIAN HEALTH SERVICE HOSPITAL,EAGLE BUTTE,SD,105.0
440002,JACKSON-MADISON COUNTY GENERAL HOSPITAL,JACKSON,TN,225.0
440003,HIGHPOINT HEALTH-SUMNER WITH ASCENSION SAINT THOMA,GALLATIN,TN,148.0
440006,TRISTAR SKYLINE MEDICAL CENTER,NASHVILLE,TN,180.0
440007,UNITY MEDICAL CENTER,MANCHESTER,TN,121.0
440008,HENDERSON COUNTY COMMUNITY HOSPITAL,LEXINGTON,TN,150.0
440009,CUMBERLAND MEDICAL CENTER,CROSSVILLE,TN,195.0
440011,BLOUNT MEMORIAL HOSPITAL,MARYVILLE,TN,203.0
440012,WELLMONT BRISTOL REGIONAL MEDICAL CENTER,BRISTOL,TN,186.0
440015,"UNIVERSITY HEALTH SYSTEM, INC",KNOXVILLE,TN,258.0
440016,BAPTIST MEMORIAL HOSPITAL - CARROLL COUNTY,HUNTINGDON,TN,115.0
440017,WELLMONT HOLSTON VALLEY MEDICAL CENTER,KINGSPORT,TN,216.0
440018,SYCAMORE SHOALS HOSPITAL,ELIZABETHTON,TN,164.0
440020,SOUTHERN TENNESSEE REGIONAL HEALTH SYSTEM PULASKI,PULASKI,TN,120.0
440029,WILLIAMSON MEDICAL CENTER,FRANKLIN,TN,184.0
440030,MORRISTOWN HAMBLEN HOSPITAL ASSOCIATION,MORRISTOWN,TN,200.0
440031,ROANE MEDICAL CENTER,HARRIMAN,TN,180.0
440032,HAWKINS COUNTY MEMORIAL HOSPITAL,ROGERSVILLE,TN,113.0
440033,LAFOLLETTE MEDICAL CENTER,LA FOLLETTE,TN,145.0
440034,METHODIST MEDICAL CENTER OF OAK RIDGE,OAK RIDGE,TN,178.0
440035,TENNOVA HEALTHCARE-CLARKSVILLE,CLARKSVILLE,TN,167.0
440039,VANDERBILT UNIVERSITY MEDICAL CENTER,NASHVILLE,TN,269.0
440046,TRISTAR HORIZON MEDICAL CENTER,DICKSON,TN,128.0
440048,BAPTIST MEMORIAL HOSPITAL,MEMPHIS,TN,182.0
440049,METHODIST HOSPITALS OF MEMPHIS,MEMPHIS,TN,244.0
440050,GREENEVILLE COMMUNITY HOSPITAL,GREENEVILLE,TN,156.0
440053,SAINT THOMAS RUTHERFORD HOSPITAL,MURFREESBORO,TN,184.0
440056,TENNOVA HEALTHCARE-JEFFERSON MEMORIAL HOSPITAL,JEFFERSON CITY,TN,161.0
440057,CLAIBORNE MEDICAL CENTER,TAZEWELL,TN,145.0
440058,SOUTHERN TENNESSEE REGIONAL HEALTH SYSTEM WINCHEST,WINCHESTER,TN,137.0
440059,COOKEVILLE REGIONAL MEDICAL CENTER,COOKEVILLE,TN,238.0
440060,WEST TENNESSEE HEALTHCARE MILAN HOSPITAL,MILAN,TN,143.0
440061,VOLUNTEER COMMUNITY HOSPITAL,MARTIN,TN,158.0
440063,JOHNSON CITY MEDICAL CENTER,JOHNSON CITY,TN,204.0
440065,TRISTAR NORTHCREST MEDICAL CENTER,SPRINGFIELD,TN,134.0
440068,STARR REGIONAL MEDICAL CENTER ATHENS,ATHENS,TN,133.0
440072,DYERSBURG REGIONAL MEDICAL CENTER,DYERSBURG,TN,151.0
440073,MAURY REGIONAL HOSPITAL,COLUMBIA,TN,211.0
440081,LECONTE MEDICAL CENTER,SEVIERVILLE,TN,198.0
440082,ASCENSION SAINT THOMAS HOSPITAL,NASHVILLE,TN,205.0
440084,SWEETWATER HOSPITAL ASSOCIATION,SWEETWATER,TN,187.0
440091,"MEMORIAL HEALTHCARE SYSTEM, INC",CHATTANOOGA,TN,223.0
440102,LINCOLN MEDICAL CENTER,FAYETTEVILLE,TN,131.0
440104,ERLANGER MEDICAL CENTER,CHATTANOOGA,TN,166.0
440109,HARDIN MEDICAL CENTER,SAVANNAH,TN,157.0
440110,FORT LOUDOUN MEDICAL CENTER,LENOIR CITY,TN,170.0
440111,METRO NASHVILLE GENERAL HOSPITAL,NASHVILLE,TN,144.0
440120,PHYSICIANS REGIONAL MEDICAL CENTER,POWELL,TN,204.0
440125,FORT SANDERS REGIONAL MEDICAL CENTER,KNOXVILLE,TN,246.0
440130,BAPTIST MEMORIAL HOSPITAL UNION CITY,UNION CITY,TN,140.0
440131,BAPTIST MEMORIAL HOSPITAL TIPTON,COVINGTON,TN,143.0
440132,WEST TENNESSEE HEALTHCARE HENRY COUNTY HOSPITAL,PARIS,TN,186.0
440137,VANDERBILT BEDFORD HOSPITAL,SHELBYVILLE,TN,120.0
440144,VANDERBILT TULLAHOMA-HARTON HOSPITAL,TULLAHOMA,TN,177.0
440148,DEKALB COMMUNITY HOSPITAL,SMITHVILLE,TN,105.0
440150,TRISTAR SUMMIT MEDICAL CENTER,HERMITAGE,TN,157.0
440151,SAINT THOMAS RIVER PARK HOSPITAL,MCMINNVILLE,TN,179.0
440152,REGIONAL ONE HEALTH,MEMPHIS,TN,294.0
440153,TENNOVA HEALTHCARE - NEWPORT MEDICAL CENTER,NEWPORT,TN,178.0
440156,PARKRIDGE MEDICAL CENTER,CHATTANOOGA,TN,106.0
440161,TRISTAR CENTENNIAL MEDICAL CENTER,NASHVILLE,TN,116.0
440173,PARKWEST MEDICAL CENTER,KNOXVILLE,TN,256.0
440175,SOUTHERN TENNESSEE REGIONAL HEALTH SYSTEM LAWRENCE,LAWRENCEBURG,TN,129.0
440176,INDIAN PATH COMMUNITY HOSPITAL,KINGSPORT,TN,155.0
440183,ST FRANCIS HOSPITAL,MEMPHIS,TN,159.0
440184,FRANKLIN WOODS COMMUNITY HOSPITAL,JOHNSON CITY,TN,176.0
440185,AFFILIATE OF VITRUVIAN HEALTH,CLEVELAND,TN,213.0
440187,LIVINGSTON REGIONAL HOSPITAL,LIVINGSTON,TN,113.0
440192,SAINT THOMAS HIGHLANDS HOSPITAL,SPARTA,TN,178.0
440193,VANDERBILT WILSON COUNTY HOSPITAL,LEBANON,TN,177.0
440194,TRISTAR HENDERSONVILLE MEDICAL CENTER,HENDERSONVILLE,TN,154.0
440197,TRISTAR SOUTHERN HILLS MEDICAL CENTER,NASHVILLE,TN,122.0
440200,STONES RIVER HOSPITAL,WOODBURY,TN,90.0
440227,TRISTAR STONECREST MEDICAL CENTER,SMYRNA,TN,173.0
440228,SAINT FRANCIS BARTLETT MEDICAL CENTER,BARTLETT,TN,163.0
440238,HAYWOOD COUNTY COMMUNITY HOSPITAL,BROWNSVILLE,TN,130.0
441300,SAINT THOMAS HICKMAN HOSPITAL,CENTERVILLE,TN,182.0
441301,HIGHPOINT HEALTH-TROUSDALE WITH ASCENSION SAINT,HARTSVILLE,TN,80.0
441303,ASCENSION SAINT THOMAS THREE RIVERS,WAVERLY,TN,132.0
441304,JOHNSON COUNTY COMMUNITY HOSPITAL,MOUNTAIN CITY,TN,132.0
441305,MACON COMMUNITY HOSPITAL,LAFAYETTE,TN,116.0
441306,ERLANGER BLEDSOE HOSPITAL,PIKEVILLE,TN,96.0
441307,HIGHPOINT HEALTH-RIVERVIEW WITH ASCENSION SAINT TH,CARTHAGE,TN,90.0
441309,MARSHALL MEDICAL CENTER,LEWISBURG,TN,115.0
441310,RHEA MEDICAL CENTER,DAYTON,TN,145.0
441313,HANCOCK COUNTY HOSPITAL,SNEEDVILLE,TN,113.0
441314,LAUDERDALE COMMUNITY HOSPITAL,RIPLEY,TN,113.0
441316,WEST TENNESSEE HEALTHCARE CAMDEN HOSPITAL,CAMDEN,TN,125.0
441320,WEST TENNESSEE HEALTHCARE BOLIVAR HOSPITAL,BOLIVAR,TN,123.0
441322,HOUSTON COUNTY COMMUNITY HOSPITAL,ERIN,TN,111.0
441323,BIG SOUTH FORK MEDICAL CENTER,ONEIDA,TN,156.0
450002,THE HOSPITALS OF PROVIDENCE - MEMORIAL CAMPUS,EL PASO,TX,174.0
450007,PETERSON REGIONAL MEDICAL CENTER,KERRVILLE,TX,162.0
450010,UNITED REGIONAL HEALTH CARE SYSTEM,WICHITA FALLS,TX,176.0
450011,CHI ST JOSEPH HEALTH REGIONAL HOSPITAL,BRYAN,TX,163.0
450015,PARKLAND HEALTH & HOSPITAL SYSTEM,DALLAS,TX,299.0
450018,UNIVERSITY OF TEXAS MEDICAL BRANCH GALVESTON,GALVESTON,TX,184.0
450021,BAYLOR UNIVERSITY MEDICAL CENTER,DALLAS,TX,268.0
450023,CITIZENS MEDICAL CENTER,VICTORIA,TX,191.0
450024,UNIVERSITY MEDICAL CENTER OF EL PASO,EL PASO,TX,237.0
450028,VALLEY BAPTIST MEDICAL CENTER- BROWNSVILLE,BROWNSVILLE,TX,135.0
450029,LAREDO MEDICAL CENTER,LAREDO,TX,170.0
450032,CHRISTUS GOOD SHEPHERD MEDICAL CENTER,LONGVIEW,TX,122.0
450033,VHS HARLINGEN HOSPITAL COMPANY LLC,HARLINGEN,TX,151.0
450034,CHRISTUS SOUTHEAST TEXAS- ST ELIZABETH,BEAUMONT,TX,190.0
450035,ST JOSEPH MEDICAL CENTER,HOUSTON,TX,193.0
450039,JPS HEALTH NETWORK,FORT WORTH,TX,190.0
450040,COVENANT MEDICAL CENTER,LUBBOCK,TX,166.0
450042,ASCENSION PROVIDENCE,WACO,TX,222.0
450044,UT OF TEXAS  SOUTHWESTERN UNIVERSITY HOSPITAL - WILLIAM P. CLEMENTS JR.,DALLAS,TX,330.0
450046,CHRISTUS SPOHN HOSPITAL CORPUS CHRISTI,CORPUS CHRISTI,TX,189.0
450051,METHODIST DALLAS MEDICAL CENTER,DALLAS,TX,222.0
450054,BAYLOR SCOTT & WHITE MEDICAL CENTER - TEMPLE,TEMPLE,TX,220.0
450055,ROLLING PLAINS MEMORIAL HOSPITAL,SWEETWATER,TX,87.0
450056,ASCENSION SETON MEDICAL CENTER AUSTIN,AUSTIN,TX,188.0
450058,BAPTIST MEDICAL CENTER,SAN ANTONIO,TX,180.0
450064,TEXAS HEALTH ARLINGTON MEMORIAL HOSPITAL,ARLINGTON,TX,150.0
450068,MEMORIAL HERMANN - TEXAS MEDICAL CENTER,HOUSTON,TX,255.0
450072,CHI ST LUKE'S HEALTH BRAZOSPORT,LAKE JACKSON,TX,152.0
450079,BAYLOR SCOTT & WHITE MEDICAL CENTER AT IRVING,IRVING,TX,156.0
450080,TITUS REGIONAL MEDICAL CENTER,MOUNT PLEASANT,TX,180.0
450082,CHRISTUS SPOHN HOSPITAL BEEVILLE,BEEVILLE,TX,151.0
450083,UT HEALTH EAST TEXAS TYLER REGIONAL HOSPITAL,TYLER,TX,158.0
450087,MEDICAL CITY NORTH HILLS,NORTH RICHLAND HILLS,TX,120.0
450090,NORTH TEXAS MEDICAL CENTER,GAINESVILLE,TX,124.0
450092,FORT DUNCAN MEDICAL CENTER,EAGLE PASS,TX,179.0
450097,HCA HOUSTON HEALTHCARE SOUTHEAST,PASADENA,TX,123.0
450101,BAYLOR SCOTT & WHITE MEDICAL CENTER HILLCREST,WACO,TX,253.0
450102,CHRISTUS MOTHER FRANCES HOSPITAL,TYLER,TX,105.0
450104,GUADALUPE REGIONAL MEDICAL CENTER,SEGUIN,TX,176.0
450107,LAS PALMAS MEDICAL CENTER A CAMPUS OF LPDS HEALTHC,EL PASO,TX,125.0
450108,CONNALLY MEMORIAL MEDICAL CENTER,FLORESVILLE,TX,110.0
450119,SOUTH TEXAS HEALTH SYSTEM,EDINBURG,TX,106.0
450124,DELL SETON  MED CENTER AT THE UNIVERSITY OF TX,AUSTIN,TX,238.0
450128,KNAPP MEDICAL CENTER,WESLACO,TX,145.0
450132,MEDICAL CENTER HOSPITAL,ODESSA,TX,153.0
450133,MIDLAND MEMORIAL HOSPITAL,MIDLAND,TX,195.0
450135,TEXAS HEALTH HARRIS METHODIST FORT WORTH,FORT WORTH,TX,172.0
450137,BAYLOR SCOTT AND WHITE ALL SAINTS MEDICAL CENTER,FORT WORTH,TX,229.0
450143,ASCENSION SETON SMITHVILLE,SMITHVILLE,TX,130.0
450144,PERMIAN REGIONAL MEDICAL CENTER ANDREWS COUNTY HO,ANDREWS,TX,97.0
450147,DE TAR HOSPITAL NAVARRO,VICTORIA,TX,130.0
450148,TEXAS HEALTH HARRIS METHODIST HOSPITAL CLEBURNE,CLEBURNE,TX,144.0
450152,ADVENTHEALTH CENTRAL TEXAS,KILLEEN,TX,149.0
450154,VAL VERDE REGIONAL MEDICAL CENTER,DEL RIO,TX,216.0
450155,HEREFORD REGIONAL MEDICAL CENTER,HEREFORD,TX,92.0
450163,CHRISTUS SPOHN HOSPITAL KLEBERG,KINGSVILLE,TX,190.0
450165,METHODIST HOSPITAL ATASCOSA,JOURDANTON,TX,110.0
450176,MISSION REGIONAL MEDICAL CENTER,MISSION,TX,151.0
450184,MEMORIAL HERMANN HOSPITAL SYSTEM,HOUSTON,TX,214.0
450193,Baylor St Lukes Medical Center,HOUSTON,TX,174.0
450194,UT HEALTH EAST TEXAS JACKSONVILLE HOSPITAL,JACKSONVILLE,TX,94.0
450196,PARIS REGIONAL MEDICAL CENTER,PARIS,TX,136.0
450200,WADLEY REGIONAL MEDICAL CENTER,TEXARKANA,TX,178.0
450203,MEDICAL CITY WEATHERFORD,WEATHERFORD,TX,128.0
450209,NORTHWEST TEXAS HOSPITAL,AMARILLO,TX,140.0
450210,UT HEALTH EAST TEXAS CARTHAGE HOSPITAL,CARTHAGE,TX,95.0
450211,CHI ST LUKES HEALTH MEMORIAL LUFKIN,LUFKIN,TX,178.0
450213,UNIVERSITY HEALTH SYSTEM,SAN ANTONIO,TX,353.0
450222,HCA HOUSTON HEALTHCARE CONROE,CONROE,TX,157.0
450229,HENDRICK MEDICAL CENTER,ABILENE,TX,132.0
450231,BSA HOSPITAL,AMARILLO,TX,222.0
450235,MEMORIAL HOSPITAL,GONZALES,TX,77.0
450236,CHRISTUS MOTHER FRANCES HOSPITAL SULPHUR SPRINGS,SULPHUR SPRINGS,TX,134.0
450237,CHRISTUS SANTA ROSA MEDICAL CENTER,SAN ANTONIO,TX,184.0
450241,FAITH COMMUNITY HOSPITAL,JACKSBORO,TX,118.0
450253,BELLVILLE MEDICAL CENTER,BELLVILLE,TX,98.0
450272,CHRISTUS SANTA ROSA HOSPITAL-SAN MARCOS,SAN MARCOS,TX,143.0
450289,HARRIS HEALTH,HOUSTON,TX,352.0
450292,TEXAS HEALTH PRESBYTERIAN HOSPITAL KAUFMAN,KAUFMAN,TX,153.0
450324,TEXOMA MEDICAL CENTER,DENISON,TX,116.0
450330,OAKBEND MEDICAL CENTER,RICHMOND,TX,106.0
450346,BAPTIST BEAUMONT HOSPITAL,BEAUMONT,TX,210.0
450347,HUNTSVILLE MEMORIAL HOSPITAL,HUNTSVILLE,TX,178.0
450351,TEXAS HEALTH HARRIS METHODIST HOSPITAL STEPHENVILL,STEPHENVILLE,TX,131.0
450352,HUNT REGIONAL MEDICAL CENTER,GREENVILLE,TX,183.0
450358,HOUSTON METHODIST HOSPITAL,HOUSTON,TX,164.0
450369,CHILDRESS REGIONAL MEDICAL CENTER,CHILDRESS,TX,124.0
450370,COLUMBUS COMMUNITY HOSPITAL,COLUMBUS,TX,170.0
450372,BAYLOR SCOTT & WHITE MEDICAL CENTER- WAXAHACHIE,WAXAHACHIE,TX,214.0
450379,DALLAS MEDICAL CENTER,DALLAS,TX,120.0
450388,METHODIST HOSPITAL,SAN ANTONIO,TX,134.0
450389,UT HEALTH EAST TEXAS ATHENS HOSPITAL,ATHENS,TX,141.0
450395,CHI ST LUKES HEALTH MEMORIAL LIVINGSTON,LIVINGSTON,TX,130.0
450399,BROWNFIELD REGIONAL MEDICAL CENTER,BROWNFIELD,TX,109.0
450400,PARKVIEW REGIONAL HOSPITAL,MEXIA,TX,86.0
450403,MEDICAL CENTER OF MCKINNEY,MCKINNEY,TX,140.0
450411,EASTLAND MEMORIAL HOSPITAL,EASTLAND,TX,118.0
450419,TEXAS HEALTH HARRIS METHODIST HOSPITAL AZLE,AZLE,TX,137.0
450422,BAYLOR SCOTT AND WHITE MEDICAL CENTER UPTOWN,DALLAS,TX,105.0
450424,HOUSTON METHODIST BAYTOWN HOSPITAL,BAYTOWN,TX,224.0
450431,ST DAVID'S MEDICAL CENTER,AUSTIN,TX,161.0
450447,NAVARRO REGIONAL HOSPITAL,CORSICANA,TX,182.0
450451,GLEN ROSE MEDICAL CENTER,GLEN ROSE,TX,109.0
450460,TYLER COUNTY HOSPITAL,WOODVILLE,TX,132.0
450462,TEXAS HEALTH PRESBYTERIAN HOSPITAL DALLAS,DALLAS,TX,170.0
450465,MATAGORDA REGIONAL MEDICAL CENTER,BAY CITY,TX,123.0
450469,WILSON N JONES REGIONAL MEDICAL CENTER,SHERMAN,TX,151.0
450475,UT HEALTH EAST TEXAS HENDERSON HOSPITAL,HENDERSON,TX,128.0
450484,WOODLAND HEIGHTS MEDICAL CENTER,LUFKIN,TX,143.0
450489,MEDICAL ARTS HOSPITAL,LAMESA,TX,107.0
450508,NACOGDOCHES MEMORIAL HOSPITAL,NACOGDOCHES,TX,174.0
450518,THE MEDICAL CENTER OF SOUTHEAST TEXAS,PORT ARTHUR,TX,200.0
450537,METHODIST RICHARDSON MEDICAL CENTER,RICHARDSON,TX,182.0
450539,COVENANT HOSPITAL PLAINVIEW,PLAINVIEW,TX,155.0
450563,BAYLOR SCOTT & WHITE MEDICAL CENTER  GRAPEVINE,GRAPEVINE,TX,187.0
450565,PALO PINTO GENERAL HOSPITAL,MINERAL WELLS,TX,107.0
450571,SHANNON MEDICAL CENTER,SAN ANGELO,TX,140.0
450573,CHRISTUS JASPER MEMORIAL HOSPITAL,JASPER,TX,160.0
450584,WILBARGER GENERAL HOSPITAL,VERNON,TX,90.0
450587,HENDRICK MEDICAL CENTER BROWNWOOD,BROWNWOOD,TX,187.0
450596,LAKE GRANBURY MEDICAL CENTER,GRANBURY,TX,136.0
450597,CUERO REGIONAL HOSPITAL,CUERO,TX,163.0
450604,HILL COUNTRY MEMORIAL HOSPITAL,FREDERICKSBURG,TX,156.0
450610,MEMORIAL HERMANN MEMORIAL CITY HOSPITAL,HOUSTON,TX,257.0
450617,HCA HOUSTON HEALTHCARE CLEAR LAKE,WEBSTER,TX,122.0
450634,MEDICAL CITY DENTON,DENTON,TX,120.0
450638,HCA HOUSTON HEALTHCARE NORTHWEST,HOUSTON,TX,139.0
450639,TEXAS HEALTH HARRIS METHODIST HURST-EULESS-BEDFORD,BEDFORD,TX,149.0
450641,NOCONA GENERAL HOSPITAL,NOCONA,TX,105.0
450643,DOCTORS HOSPITAL OF LAREDO,LAREDO,TX,122.0
450644,HCA HOUSTON HEALTHCARE WEST,HOUSTON,TX,120.0
450647,MEDICAL CITY DALLAS HOSPITAL,DALLAS,TX,135.0
450651,MEDICAL CITY PLANO,PLANO,TX,138.0
450653,SCENIC MOUNTAIN MEDICAL CENTER,BIG SPRING,TX,120.0
450654,STARR COUNTY MEMORIAL HOSPITAL,RIO GRANDE CITY,TX,193.0
450656,NACOGDOCHES MEDICAL CENTER,NACOGDOCHES,TX,154.0
450658,FREESTONE MEDICAL CENTER,FAIRFIELD,TX,118.0
450659,HCA HOUSTON HEALTHCARE MEDICAL CENTER,HOUSTON,TX,87.0
450661,ODESSA REGIONAL MEDICAL CENTER,ODESSA,TX,158.0
450662,VALLEY REGIONAL MEDICAL CENTER,BROWNSVILLE,TX,171.0
450668,SIERRA MEDICAL CENTER,EL PASO,TX,183.0
450669,MEDICAL CITY LEWISVILLE,LEWISVILLE,TX,119.0
450670,HCA HOUSTON HEALTHCARE TOMBALL,TOMBALL,TX,120.0
450672,MEDICAL CITY FORT WORTH,FORT WORTH,TX,111.0
450674,"WOMANS HOSPITAL OF TEXAS,THE",HOUSTON,TX,166.0
450675,MEDICAL CITY ARLINGTON,ARLINGTON,TX,128.0
450677,TEXAS HEALTH HUGULEY HOSPITAL FORT WORTH SOUTH,FORT WORTH,TX,183.0
450678,WHITE ROCK MEDICAL CENTER,DALLAS,TX,185.0
450684,MEMORIAL HERMANN NORTHEAST HOSPITAL,HUMBLE,TX,217.0
450686,UNIVERSITY MEDICAL CENTER,LUBBOCK,TX,185.0
450688,DALLAS REGIONAL MEDICAL CENTER,MESQUITE,TX,168.0
45068F,William Beaumont AMG (FT Bliss),El Paso,TX,191.0
450690,THE UNIVERSITY OF TEXAS HEALTH SCIENCE CENTER AT TYLER,TYLER,TX,140.0
450694,EL CAMPO MEMORIAL HOSPITAL,EL CAMPO,TX,110.0
450698,LAMB HEALTHCARE CENTER,LITTLEFIELD,TX,88.0
45069F,Brooke Army Medical Center (FT Sam Houston),Fort Sam Houston,TX,188.0
450702,LONGVIEW REGIONAL MEDICAL CENTER,LONGVIEW,TX,131.0
450709,HOUSTON METHODIST CLEAR LAKE HOSPITAL,NASSAU BAY,TX,142.0
45070F,Darnall AMC (FT Cavazos),Fort Cavazos,TX,162.0
450711,RIO GRANDE REGIONAL HOSPITAL,MCALLEN,TX,109.0
450713,ST DAVID'S SOUTH AUSTIN MEDICAL CENTER,AUSTIN,TX,159.0
450718,ROUND ROCK MEDICAL CENTER,ROUND ROCK,TX,138.0
450723,METHODIST CHARLTON MEDICAL CENTER,DALLAS,TX,205.0
450730,CARROLLTON REGIONAL MEDICAL CENTER,CARROLLTON,TX,205.0
450742,BAYLOR SCOTT AND WHITE MEDICAL CENTER LAKE POINTE,ROWLETT,TX,140.0
450743,TEXAS HEALTH PRESBYTERIAN HOSPITAL DENTON,DENTON,TX,155.0
450747,PALESTINE REGIONAL MEDICAL CENTER,PALESTINE,TX,130.0
450755,COVENANT HOSPITAL LEVELLAND,LEVELLAND,TX,96.0
450771,TEXAS HEALTH PRESBYTERIAN HOSPITAL PLANO,PLANO,TX,171.0
450775,HCA HOUSTON HEALTHCARE KINGWOOD,KINGWOOD,TX,122.0
450779,TEXAS HEALTH HARRIS METHODIST HOSPITAL SOUTHWEST F,FORT WORTH,TX,183.0
450788,"CORPUS CHRISTI MEDICAL CENTER,THE",CORPUS CHRISTI,TX,130.0
450801,CHRISTUS ST MICHAEL HEALTH SYSTEM,TEXARKANA,TX,163.0
450804,TEXAS ORTHOPEDIC HOSPITAL,HOUSTON,TX,107.0
450809,NORTH AUSTIN MEDICAL CENTER,AUSTIN,TX,163.0
450820,HOUSTON METHODIST SUGARLAND HOSPITAL,SUGAR LAND,TX,207.0
450822,MEDICAL CITY LAS COLINAS,IRVING,TX,140.0
450825,CORNERSTONE REGIONAL HOSPITAL,EDINBURG,TX,120.0
450827,KELL WEST REGIONAL HOSPITAL,WICHITA FALLS,TX,121.0
450828,CHRISTUS SPOHN HOSPITAL ALICE,ALICE,TX,173.0
450831,SURGERY SPECIALTY HOSPITALS OF AMERICA SE HOUSTON,PASADENA,TX,178.0
450833,ENNIS REGIONAL MEDICAL CENTER,ENNIS,TX,130.0
450834,"PHYSICIANS CENTRE,THE",BRYAN,TX,100.0
450840,TEXAS HEALTH PRESBYTERIAN HOSPITAL ALLEN,ALLEN,TX,143.0
450844,HOUSTON METHODIST WILLOWBROOK HOSPITAL,HOUSTON,TX,176.0
450847,MEMORIAL HERMANN KATY HOSPITAL,KATY,TX,242.0
450848,MEMORIAL HERMANN SUGAR LAND HOSPITAL,SUGAR LAND,TX,174.0
450853,BAYLOR SCOTT & WHITE MEDICAL CENTER - FRISCO,FRISCO,TX,112.0
450855,HARLINGEN MEDICAL CENTER,HARLINGEN,TX,178.0
450856,SOUTH TEXAS SPINE AND SURGICAL HOSPITAL,SAN ANTONIO,TX,134.0
450862,ST LUKE'S THE WOODLANDS HOSPITAL,THE WOODLANDS,TX,166.0
450864,BAYLOR SCOTT & WHITE TEXAS SPINE & JOINT HOSPITAL,TYLER,TX,135.0
450865,ASCENSION SETON  SOUTHWEST,AUSTIN,TX,130.0
450867,ASCENSION SETON NORTHWEST,AUSTIN,TX,154.0
450869,DOCTORS HOSPTAL AT RENAISSANCE,EDINBURG,TX,229.0
450872,USMD HOSPITAL AT ARLINGTON L P,ARLINGTON,TX,141.0
450874,BAYLOR SURGICAL HOSPITAL AT LAS COLINAS,IRVING,TX,72.0
450876,LUBBOCK HEART HOSPITAL LP,LUBBOCK,TX,166.0
450880,BAYLOR SCOTT AND WHITE SURGICAL HOSPITAL FORTWORTH,FORT WORTH,TX,122.0
450883,BAYLOR MEDICAL CENTER AT TROPHY CLUB,TROPHY CLUB,TX,87.0
450885,BAYLOR SCOTT &  WHITE MEDICAL CENTER - CENTENNIAL,FRISCO,TX,149.0
450888,TEXAS HEALTH HARRIS METHODIST HOSPITAL SOUTHLAKE,SOUTHLAKE,TX,116.0
450890,BAYLOR SCOTT & WHITE MEDICAL CENTER PLANO,PLANO,TX,197.0
450891,TEXAS HEALTH CENTER FOR DIAGNOSTICS & SURGERY,PLANO,TX,158.0
450893,THE HEART HOSPITAL BAYLOR DENTON,DENTON,TX,120.0
451300,PARMER COUNTY COMMUNITY HOSPITAL,FRIONA,TX,122.0
451303,LIMESTONE MEDICAL CENTER,GROESBECK,TX,108.0
451304,SCHLEICHER COUNTY MEDICAL CENTER,ELDORADO,TX,99.0
451305,BURLESON ST JOSEPH HEALTH CENTER,CALDWELL,TX,80.0
451306,KIMBLE HOSPITAL,JUNCTION,TX,140.0
451307,IRAAN GENERAL HOSPITAL,IRAAN,TX,94.0
451310,BALLINGER MEMORIAL HOSPITAL,BALLINGER,TX,134.0
451311,SWEENY COMMUNITY HOSPITAL,SWEENY,TX,96.0
451312,RICE MEDICAL CENTER,EAGLE LAKE,TX,106.0
451313,FISHER COUNTY HOSPITAL DISTRICT,ROTAN,TX,110.0
451314,WINKLER COUNTY MEMORIAL HOSPITAL,KERMIT,TX,80.0
451316,MADISON ST JOSEPH HEALTH CENTER,MADISONVILLE,TX,104.0
451317,REFUGIO COUNTY MEMORIAL HOSPITAL,REFUGIO,TX,106.0
451318,STONEWALL MEMORIAL HOSPITAL DISTRICT,ASPERMONT,TX,82.0
451319,CHRISTUS MOTHER FRANCES HOSPITAL- JACKSONVILLE,JACKSONVILLE,TX,100.0
451320,BAYSIDE COMMUNITY HOSPITAL,ANAHUAC,TX,105.0
451322,GRIMES ST JOSEPH HEALTH CENTER,NAVASOTA,TX,98.0
451323,ADVENTHEALTH ROLLINS BROOK,LAMPASAS,TX,108.0
451324,LILLIAN M HUDSPETH MEMORIAL HOSPITAL,SONORA,TX,124.0
451325,CONCHO COUNTY HOSPITAL,EDEN,TX,108.0
451328,RICELAND MEDICAL CENTER,WINNIE,TX,93.0
451329,RANKIN HOSPITAL MEDICAL CLINIC,RANKIN,TX,105.0
451330,MEDINA REGIONAL HOSPITAL,HONDO,TX,121.0
451331,COON MEMORIAL HOSPITAL,DALHART,TX,165.0
451332,PALACIOS COMMUNITY MEDICAL CENTER,PALACIOS,TX,73.0
451333,MARTIN COUNTY HOSPITAL DISTRICT,STANTON,TX,114.0
451338,CULBERSON HOSPITAL,VAN HORN,TX,103.0
451340,SHAMROCK GENERAL HOSPITAL,SHAMROCK,TX,89.0
451341,HASKELL MEMORIAL HOSPITAL,HASKELL,TX,116.0
451342,MITCHELL COUNTY HOSPITAL DISTRICT,COLORADO CITY,TX,48.0
451343,ELECTRA MEMORIAL HOSPITAL,ELECTRA,TX,109.0
451344,HANSFORD COUNTY HOSPITAL,SPEARMAN,TX,89.0
451346,YOAKUM COMMUNITY HOSPITAL,YOAKUM,TX,96.0
451347,COLEMAN COUNTY MEDICAL CENTER COMPANY,COLEMAN,TX,128.0
451349,SWISHER MEMORIAL HOSPITAL,TULIA,TX,126.0
451350,PLAINS MEMORIAL HOSPITAL,DIMMITT,TX,108.0
451351,LYNN COUNTY HOSPITAL DISTRICT,TAHOKA,TX,128.0
451352,HARDEMAN COUNTY MEMORIAL HOSPITAL,QUANAH,TX,97.0
451353,CRANE COUNTY HOSPITAL DISTRICT,CRANE,TX,114.0
451354,HAMILTON HOSPITAL,OLNEY,TX,94.0
451355,COLLINGSWORTH GENERAL HOSPITAL,WELLINGTON,TX,114.0
451359,OCHILTREE GENERAL HOSPITAL,PERRYTON,TX,94.0
451361,SABINE COUNTY HOSPITAL,HEMPHILL,TX,114.0
451363,JACKSON HEALTHCARE CENTER,EDNA,TX,129.0
451365,ASCENSION SETON HIGHLAND LAKES,BURNET,TX,119.0
451367,UT HEALTH EAST TEXAS PITTSBURG HOSPITAL,PITTSBURG,TX,122.0
451371,ASCENSION SETON EDGAR B DAVIS,LULING,TX,89.0
451372,MULESHOE AREA MEDICAL CENTER,MULESHOE,TX,114.0
451373,WARD MEMORIAL HOSPITAL,MONAHANS,TX,125.0
451375,LIBERTY DAYTON REGIONAL MEDICAL CENTER,LIBERTY,TX,112.0
451376,LAVACA MEDICAL CENTER,HALLETTSVILLE,TX,127.0
451378,BIG BEND REGIONAL MEDICAL CENTER,ALPINE,TX,126.0
451379,CORYELL MEMORIAL HOSPITAL,GATESVILLE,TX,138.0
451380,UT HEALTH EAST TEXAS QUITMAN HOSPITAL,QUITMAN,TX,134.0
451382,COMANCHE COUNTY MEDICAL CENTER,COMANCHE,TX,101.0
451384,COGDELL MEMORIAL HOSPITAL,SNYDER,TX,99.0
451385,GOODALL WITCHER HOSPITAL,CLIFTON,TX,139.0
451386,MEMORIAL HOSPITAL,DUMAS,TX,81.0
451387,UVALDE MEMORIAL HOSPITAL,UVALDE,TX,162.0
451389,PECOS COUNTY MEMORIAL HOSPITAL,FORT STOCKTON,TX,152.0
451390,DIMMIT REGIONAL HOSPITAL,CARRIZO SPRINGS,TX,166.0
451391,FRIO REGIONAL HOSPITAL,PEARSALL,TX,129.0
451392,HAMILTON GENERAL HOSPITAL,HAMILTON,TX,112.0
451393,CROCKETT MEDICAL CENTER,CROCKETT,TX,118.0
451394,KNOX COUNTY HOSPITAL,KNOX CITY,TX,107.0
451396,MID COAST MEDICAL CENTER - CENTRAL,LLANO,TX,110.0
451398,PAMPA REGIONAL MEDICAL CENTER,PAMPA,TX,101.0
451399,SEYMOUR HOSPITAL,SEYMOUR,TX,72.0
460001,INTERMOUNTAIN HEALTH UTAH VALLEY HOSPITAL,PROVO,UT,165.0
460003,HOLY CROSS HOSPITAL - SALT LAKE,SALT LAKE CITY,UT,150.0
460004,MCKAY-DEE HOSPITAL,OGDEN,UT,182.0
460005,OGDEN REGIONAL MEDICAL CENTER,OGDEN,UT,107.0
460006,LDS HOSPITAL,SALT LAKE CITY,UT,171.0
460007,CEDAR CITY HOSPITAL,CEDAR CITY,UT,151.0
460009,UNIVERSITY OF UTAH HOSPITAL AND CLINICS,SALT LAKE CITY,UT,249.0
460010,INTERMOUNTAIN MEDICAL CENTER,MURRAY,UT,211.0
460011,CASTLEVIEW HOSPITAL,PRICE,UT,129.0
460013,MOUNTAIN VIEW HOSPITAL,PAYSON,UT,116.0
460014,MOUNTAIN WEST MEDICAL CENTER,TOOELE,UT,153.0
460015,LOGAN REGIONAL HOSPITAL,LOGAN,UT,144.0
460017,BRIGHAM CITY COMMUNITY HOSPITAL,BRIGHAM CITY,UT,91.0
460019,UINTAH BASIN MEDICAL CENTER,ROOSEVELT,UT,131.0
460021,ST. GEORGE REGIONAL HOSPITAL,ST GEORGE,UT,142.0
460023,AMERICAN FORK HOSPITAL,AMERICAN FORK,UT,135.0
460026,SEVIER VALLEY HOSPITAL,RICHFIELD,UT,130.0
460030,ASHLEY REGIONAL MEDICAL CENTER,VERNAL,UT,118.0
460039,BEAR RIVER VALLEY HOSPITAL,TREMONTON,UT,114.0
460041,HOLY CROSS HOSPITAL-DAVIS,LAYTON,UT,100.0
460042,LAKEVIEW HOSPITAL,BOUNTIFUL,UT,121.0
460043,OREM COMMUNITY HOSPITAL,OREM,UT,102.0
460044,INTERMOUNTAIN HEALTH ALTA VIEW HOSPITAL,SANDY,UT,165.0
460047,ST MARK'S HOSPITAL,SALT LAKE CITY,UT,112.0
460051,HOLY CROSS HOSPITAL-JORDAN VALLEY,WEST JORDAN,UT,160.0
460052,TIMPANOGOS REGIONAL HOSPITAL,OREM,UT,100.0
460054,CACHE VALLEY HOSPITAL,NORTH LOGAN,UT,85.0
460057,PARK CITY HOSPITAL,PARK CITY,UT,129.0
460058,RIVERTON HOSPITAL,RIVERTON,UT,163.0
460060,LONE PEAK HOSPITAL,DRAPER,UT,106.0
460061,INTERMOUNTAIN HEALTH LAYTON HOSPITAL,LAYTON,UT,168.0
460062,INTERMOUNTAIN HEALTH SPANISH FORK HOSPITAL,SPANISH FORK,UT,139.0
461300,INTERMOUNTAIN HEALTH DELTA COMMUNITY HOSPITAL,DELTA,UT,128.0
461301,FILLMORE COMMUNITY HOSPITAL,FILLMORE,UT,121.0
461303,INTERMOUNTAIN HEALTH SANPETE VALLEY HOSPITAL,MOUNT PLEASANT,UT,110.0
461304,CENTRAL VALLEY MEDICAL CENTER - CAH,NEPHI,UT,109.0
461305,MILFORD MEMORIAL HOSPITAL,MILFORD,UT,92.0
461306,GUNNISON VALLEY HOSPITAL,GUNNISON,UT,114.0
461307,INTERMOUNTAIN HEALTH HEBER VALLEY HOSPITAL,HEBER CITY,UT,120.0
461308,SAN JUAN HOSPITAL,MONTICELLO,UT,122.0
461309,KANE COUNTY HOSPITAL,KANAB,UT,121.0
461310,BLUE MOUNTAIN HOSPITAL,BLANDING,UT,188.0
461333,INTERMOUNTAIN HEALTH GARFIELD MEMORIAL HOSPITAL,PANGUITCH,UT,98.0
461335,BEAVER VALLEY HOSPITAL,BEAVER,UT,118.0
470001,CENTRAL VERMONT MEDICAL CENTER,BARRE,VT,177.0
470003,UNIV. OF VERMONT - FLETCHER ALLEN HEALTH CARE,BURLINGTON,VT,259.0
470005,RUTLAND REGIONAL MEDICAL CENTER,RUTLAND,VT,203.0
470011,BRATTLEBORO MEMORIAL HOSPITAL,BRATTLEBORO,VT,172.0
470012,SOUTHWESTERN VERMONT MEDICAL CENTER,BENNINGTON,VT,192.0
470024,NORTHWESTERN MEDICAL CENTER INC,SAINT ALBANS,VT,168.0
471300,GRACE COTTAGE HOSPITAL,TOWNSHEND,VT,109.0
471305,COPLEY HOSPITAL,MORRISVILLE,VT,148.0
471307,PORTER HOSPITAL INC,MIDDLEBURY,VT,175.0
490002,RUSSELL COUNTY HOSPITAL,LEBANON,VA,118.0
490004,SENTARA RMH MEDICAL CENTER,HARRISONBURG,VA,174.0
490005,WINCHESTER MEDICAL CENTER,WINCHESTER,VA,221.0
490007,SENTARA NORFOLK GENERAL HOSPITAL,NORFOLK,VA,179.0
490009,UNIVERSITY OF VIRGINIA MEDICAL CENTER,CHARLOTTESVILLE,VA,270.0
490013,SENTARA HALIFAX REGIONAL HOSPITAL,SOUTH BOSTON,VA,165.0
490017,BON SECOURS MARYVIEW MEDICAL CENTER,PORTSMOUTH,VA,161.0
490018,AUGUSTA HEALTH,FISHERSVILLE,VA,176.0
490019,UVA HEALTH CULPEPER MEDICAL CENTER,CULPEPER,VA,170.0
49001F,Fort Belvoir Community Hospital,Fort Belvoir,VA,152.0
490020,JOHN RANDOLPH MEDICAL CENTER,HOPEWELL,VA,118.0
490021,CENTRA HEALTH -  LYNCHBURG GEN HOSPITAL,LYNCHBURG,VA,225.0
490022,MARY WASHINGTON HOSPITAL,FREDERICKSBURG,VA,170.0
490023,FAUQUIER HOSPITAL,WARRENTON,VA,161.0
490024,CARILION MEDICAL CENTER,ROANOKE,VA,257.0
490032,MEDICAL COLLEGE OF VIRGINIA HOSPITALS,RICHMOND,VA,230.0
490033,WARREN MEMORIAL HOSPITAL,FRONT ROYAL,VA,164.0
490037,RIVERSIDE SHORE MEMORIAL HOSPITAL,ONANCOCK,VA,130.0
490038,SMYTH COUNTY COMMUNITY HOSPITAL,MARION,VA,141.0
490040,INOVA ALEXANDRIA HOSPITAL,ALEXANDRIA,VA,174.0
490041,MARY IMMACULATE HOSPITAL,NEWPORT NEWS,VA,168.0
490042,CARILION NEW RIVER VALLEY MEDICAL CENTER,CHRISTIANSBURG,VA,214.0
490043,INOVA LOUDOUN HOSPITAL,LEESBURG,VA,167.0
490044,SENTARA OBICI HOSPITAL,SUFFOLK,VA,157.0
490045,NOVANT PRINCE WILLIAM MEDICAL CENTER,MANASSAS,VA,187.0
490046,SENTARA LEIGH HOSPITAL,NORFOLK,VA,176.0
490048,LEWISGALE MEDICAL CENTER,SALEM,VA,122.0
490050,VIRGINIA HOSPITAL CENTER,ARLINGTON,VA,236.0
490052,RIVERSIDE REGIONAL MEDICAL CENTER,NEWPORT NEWS,VA,232.0
490053,JOHNSTON MEMORIAL HOSPITAL,ABINGDON,VA,189.0
490057,SENTARA VIRGINIA BEACH GENERAL HOSPITAL,VIRGINIA BEACH,VA,137.0
490059,BON SECOURS ST MARYS HOSPITAL,RICHMOND,VA,160.0
490060,CLINCH VALLEY MEDICAL CENTER,RICHLANDS,VA,183.0
490063,INOVA FAIRFAX HOSPITAL,FALLS CHURCH,VA,160.0
490066,SENTARA WILLIAMSBURG REGIONAL MEDICAL CENTER,WILLIAMSBURG,VA,164.0
490067,BON SECOURS SOUTHSIDE MEDICAL CENTER,PETERSBURG,VA,124.0
490069,BON SECOURS MEMORIAL REGIONAL MEDICAL CENTER,MECHANICSVILLE,VA,192.0
490075,SOVAH HEALTH DANVILLE,DANVILLE,VA,205.0
490077,SENTARA MARTHA JEFFERSON HOSPITAL,CHARLOTTESVILLE,VA,145.0
490084,VCU HEALTH TAPPAHANNOCK HOSPITAL,TAPPAHANNOCK,VA,184.0
490088,CENTRA BEDFORD MEMORIAL HOSPITAL,BEDFORD,VA,219.0
490089,CARILION FRANKLIN MEMORIAL HOSPITAL,ROCKY MOUNT,VA,191.0
49008F,NMC Portsmouth,Portsmouth,VA,202.0
490090,"SOUTHSIDE COMMUNITY HOSPITAL, INC",FARMVILLE,VA,186.0
490092,BON SECOURS SOUTHAMPTON MEMORIAL HOSPITAL,FRANKLIN,VA,147.0
490093,SENTARA CAREPLEX HOSPITAL,HAMPTON,VA,136.0
490094,BON SECOURS RICHMOND COMMUNITY HOSPITAL,RICHMOND,VA,120.0
490097,BON SECOURS SOUTHERN VIRGINIA MEDICAL CENTER,EMPORIA,VA,107.0
490098,COMMUNITY MEMORIAL HOSPITAL,SOUTH HILL,VA,184.0
490101,INOVA FAIR OAKS HOSPITAL,FAIRFAX,VA,162.0
490107,RESTON HOSPITAL CENTER,RESTON,VA,156.0
490110,LEWISGALE HOSPITAL MONTGOMERY,BLACKSBURG,VA,133.0
490111,WYTHE COUNTY COMMUNITY HOSPITAL,WYTHEVILLE,VA,162.0
490112,CJW MEDICAL CENTER,RICHMOND,VA,151.0
490113,SENTARA NORTHERN VIRGINIA MEDICAL CENTER,WOODBRIDGE,VA,167.0
490114,LONESOME PINE HOSPITAL,BIG STONE GAP,VA,135.0
490115,TWIN COUNTY REGIONAL HOSPITAL,GALAX,VA,204.0
490116,LEWISGALE HOSPITAL PULASKI,PULASKI,VA,123.0
490117,CARILION TAZEWELL COMMUNITY HOSPITAL,TAZEWELL,VA,133.0
490118,HENRICO DOCTORS' HOSPITAL,RICHMOND,VA,130.0
490119,SENTARA PRINCESS ANNE HOSPITAL,VIRGINIA BEACH,VA,166.0
490120,CHESAPEAKE GENERAL HOSPITAL,CHESAPEAKE,VA,193.0
490122,INOVA MOUNT VERNON HOSPITAL,ALEXANDRIA,VA,154.0
490126,LEWISGALE HOSPITAL ALLEGHANY,LOW MOOR,VA,114.0
490127,BUCHANAN GENERAL HOSPITAL,GRUNDY,VA,138.0
490130,RIVERSIDE WALTER REED HOSPITAL,GLOUCESTER,VA,132.0
490136,BON SECOURS ST FRANCIS MEDICAL CENTER,MIDLOTHIAN,VA,133.0
490140,"STAFFORD HOSPITAL, LLC",STAFFORD,VA,192.0
490141,SPOTSYLVANIA REGIONAL MEDICAL CENTER,FREDERICKSBURG,VA,117.0
490143,RIVERSIDE DOCTORS' HOSPITAL OF WILLIAMSBURG,WILLIAMSBURG,VA,144.0
490144,UVA HEALTH HAYMARKET MEDICAL CENTER,HAYMARKET,VA,215.0
490145,STONESPRINGS HOSPITAL CENTER,DULLES,VA,120.0
491302,CARILION GILES COMMUNITY HOSPITAL,PEARISBURG,VA,138.0
491303,DICKENSON COMMUNITY HOSPITAL,CLINTWOOD,VA,106.0
491304,CARILION STONEWALL JACKSON HOSPITAL,LEXINGTON,VA,198.0
491305,SHENANDOAH MEMORIAL HOSPITAL,WOODSTOCK,VA,134.0
491307,"PAGE MEMORIAL HOSPITAL, INC",LURAY,VA,118.0
491308,RAPPAHANNOCK GENERAL HOSPITAL,KILMARNOCK,VA,133.0
491309,LEE COUNTY COMMUNITY HOSPITAL,PENNINGTON GAP,VA,115.0
500002,PROVIDENCE ST MARY MEDICAL CENTER,WALLA WALLA,WA,144.0
500003,SKAGIT VALLEY HOSPITAL,MOUNT VERNON,WA,184.0
500005,VIRGINIA MASON MEDICAL CENTER,SEATTLE,WA,215.0
500007,ISLAND HOSPITAL,ANACORTES,WA,193.0
500008,UNIVERSITY OF WASHINGTON MEDICAL CTR,SEATTLE,WA,267.0
500011,HIGHLINE MEDICAL CENTER,BURIEN,WA,240.0
500014,PROVIDENCE REGIONAL MEDICAL CENTER EVERETT,EVERETT,WA,228.0
500015,MULTICARE AUBURN MEDICAL CENTER,AUBURN,WA,209.0
500016,CONFLUENCE HEALTH HOSPITAL,WENATCHEE,WA,151.0
500019,PROVIDENCE CENTRALIA HOSPITAL,CENTRALIA,WA,215.0
500021,ST CLARE HOSPITAL,LAKEWOOD,WA,166.0
500024,PROVIDENCE ST PETER HOSPITAL,OLYMPIA,WA,209.0
500025,SWEDISH MEDICAL CENTER / CHERRY HILL,SEATTLE,WA,184.0
500026,SWEDISH EDMONDS HOSPITAL,EDMONDS,WA,194.0
500027,SWEDISH MEDICAL CENTER,SEATTLE,WA,151.0
500030,ST JOSEPH HOSPITAL,BELLINGHAM,WA,214.0
500031,GRAYS HARBOR COMMUNITY HOSPITAL,ABERDEEN,WA,204.0
500033,SAMARITAN HOSPITAL,MOSES LAKE,WA,146.0
500036,YAKIMA VALLEY MEMORIAL,YAKIMA,WA,161.0
500037,ASTRIA TOPPENISH HOSPITAL,TOPPENISH,WA,141.0
500039,HARRISON MEDICAL CENTER,SILVERDALE,WA,217.0
500041,PEACEHEALTH ST JOHN MEDICAL CENTER,LONGVIEW,WA,198.0
500044,DEACONESS MEDICAL CENTER,SPOKANE,WA,171.0
500050,PEACEHEALTH SOUTHWEST MEDICAL CENTER,VANCOUVER,WA,292.0
500051,OVERLAKE HOSPITAL MEDICAL CENTER,BELLEVUE,WA,166.0
500053,TRIOS HEALTH,KENNEWICK,WA,170.0
500054,PROV SACRED HRT MED CTR & CHILDS HOSP.,SPOKANE,WA,240.0
500058,KADLEC REGIONAL MEDICAL CENTER,RICHLAND,WA,174.0
50005F,Madigan AMC (FT Lewis),Joint Base Lewis-McChord,WA,187.0
500060,CASCADE VALLEY HOSPITAL,ARLINGTON,WA,173.0
500064,HARBORVIEW MEDICAL CENTER,SEATTLE,WA,316.0
500072,OLYMPIC MEDICAL CENTER,PORT ANGELES,WA,273.0
500077,PROVIDENCE HOLY FAMILY HOSPITAL,SPOKANE,WA,234.0
500079,MULTICARE GOOD SAMARITAN HOSPITAL,PUYALLUP,WA,131.0
500084,EVERGREENHEALTH MONROE,MONROE,WA,170.0
500088,VALLEY MEDICAL CENTER,RENTON,WA,207.0
500108,ST JOSEPH MEDICAL CENTER,TACOMA,WA,213.0
500119,MULTICARE VALLEY HOSPITAL,SPOKANE VALLEY,WA,198.0
500124,EVERGREENHEALTH MEDICAL CENTER,KIRKLAND,WA,217.0
500129,TACOMA GENERAL ALLENMORE HOSPITAL,TACOMA,WA,220.0
500139,CAPITAL MEDICAL CENTER,OLYMPIA,WA,144.0
500141,ST FRANCIS COMMUNITY HOSPITAL,FEDERAL WAY,WA,207.0
500150,LEGACY SALMON CREEK MEDICAL CENTER,VANCOUVER,WA,272.0
500151,ST ANTHONY HOSPITAL,GIG HARBOR,WA,214.0
500152,SWEDISH ISSAQUAH,ISSAQUAH,WA,146.0
500154,MULTICARE COVINGTON MEDICAL CENTER,COVINGTON,WA,177.0
501302,DAYTON GENERAL HOSPITAL,DAYTON,WA,92.0
501303,WILLAPA HARBOR HOSPITAL,SOUTH BEND,WA,120.0
501304,SUMMIT PACIFIC MEDICAL CENTER,ELMA,WA,148.0
501307,ODESSA MEMORIAL HEALTHCARE CENTER,ODESSA,WA,92.0
501308,COULEE MEDICAL CENTER,GRAND COULEE,WA,115.0
501309,PROVIDENCE ST JOSEPH HOSPITAL,CHEWELAH,WA,133.0
501312,PROSSER MEMORIAL HOSPITAL,PROSSER,WA,130.0
501314,OCEAN BEACH HOSPITAL,ILWACO,WA,123.0
501316,KLICKITAT VALLEY HOSPITAL,GOLDENDALE,WA,101.0
501317,COLUMBIA BASIN HOSPITAL,EPHRATA,WA,128.0
501319,ARBOR HEALTH MORTON HOSPITAL,MORTON,WA,114.0
501321,NORTH VALLEY HOSPITAL,TONASKET,WA,126.0
501323,JEFFERSON HEALTHCARE,PORT TOWNSEND,WA,145.0
501325,FORKS COMMUNITY HOSPITAL,FORKS,WA,124.0
501326,PROVIDENCE MOUNT CARMEL HOSPITAL,COLVILLE,WA,145.0
501327,WHITMAN HOSPITAL AND MEDICAL CENTER,COLFAX,WA,155.0
501328,MID VALLEY HOSPITAL & CLINIC,OMAK,WA,202.0
501329,PEACEHEALTH UNITED GENERAL MEDICAL CENTER,SEDRO WOOLLEY,WA,136.0
501330,ASTRIA SUNNYSIDE HOSPITAL,SUNNYSIDE,WA,122.0
501331,PULLMAN REGIONAL HOSPITAL,PULLMAN,WA,114.0
501332,TRI-STATE MEMORIAL HOSPITAL,CLARKSTON,WA,130.0
501333,KITTITAS VALLEY COMMUNITY HOSPITAL,ELLENSBURG,WA,131.0
501334,LAKE CHELAN COMMUNITY HOSPITAL,CHELAN,WA,114.0
501335,ST ELIZABETH HOSPITAL,ENUMCLAW,WA,184.0
501336,MASON GENERAL HOSPITAL & FAMILY OF CLINICS,SHELTON,WA,194.0
501337,LOURDES MEDICAL CENTER,PASCO,WA,114.0
501338,SNOQUALMIE VALLEY HOSPITAL,SNOQUALMIE,WA,117.0
501340,PEACEHEALTH PEACE ISLAND MEDICAL CENTER,FRIDAY HARBOR,WA,99.0
510001,"WEST VIRGINIA UNIVERSITY HOSPITALS, INC",MORGANTOWN,WV,191.0
510002,"CAMC GREENBRIER VALLEY MEDICAL CENTER, INC",RONCEVERTE,WV,201.0
510006,"UNITED HOSPITAL CENTER, INC",BRIDGEPORT,WV,204.0
510007,ST MARYS MEDICAL CENTER,HUNTINGTON,WV,211.0
510008,BERKELEY MEDICAL CENTER,MARTINSBURG,WV,157.0
510012,RIVERS HEALTH,POINT PLEASANT,WV,105.0
510013,REYNOLDS MEMORIAL HOSPITAL,GLEN DALE,WV,150.0
510022,CHARLESTON AREA MEDICAL CENTER,CHARLESTON,WV,171.0
510023,"WEIRTON MEDICAL CENTER, INC",WEIRTON,WV,168.0
510024,MON HEALTH MEDICAL CENTER,MORGANTOWN,WV,194.0
510029,THOMAS MEMORIAL HOSPITAL,SOUTH CHARLESTON,WV,213.0
510030,DAVIS MEDICAL CENTER,ELKINS,WV,139.0
510038,STONEWALL JACKSON MEMORIAL HOSPITAL,WESTON,WV,101.0
510046,PRINCETON COMMUNITY HOSPITAL ASSN INC,PRINCETON,WV,176.0
510048,LOGAN REGIONAL MEDICAL CENTER,LOGAN,WV,182.0
510050,"WHEELING HOSPITAL, INC",WHEELING,WV,206.0
510055,"CABELL HUNTINGTON HOSPITAL, INC",HUNTINGTON,WV,223.0
510058,CAMDEN CLARK MEDICAL CENTER,PARKERSBURG,WV,222.0
510062,BECKLEY ARH HOSPITAL,BECKLEY,WV,213.0
510070,RALEIGH GENERAL HOSPITAL,BECKLEY,WV,196.0
510072,WETZEL COUNTY HOSPITAL,NEW MARTINSVILLE,WV,136.0
510086,WELCH COMMUNITY HOSPITAL,WELCH,WV,195.0
510093,MON HEALTH MARION,WHITEHALL,WV,87.0
511300,"BROADDUS HOSPITAL ASSOCIATION, INC",PHILIPPI,WV,106.0
511301,WEBSTER MEMORIAL HOSPITAL,WEBSTER SPRINGS,WV,76.0
511303,MINNIE HAMILTON HEALTH SYSTEM,GRANTSVILLE,WV,78.0
511304,SISTERSVILLE GENERAL HOSPITAL,SISTERSVILLE,WV,107.0
511306,ROANE GENERAL HOSPITAL,SPENCER,WV,125.0
511307,"GRAFTON CITY HOSPITAL, INC",GRAFTON,WV,65.0
511308,"BRAXTON COUNTY MEMORIAL HOSPITAL, INC",GASSAWAY,WV,102.0
511309,VALLEY HEALTH WAR MEMORIAL HOSPITAL,BERKELEY SPRINGS,WV,105.0
511310,SUMMERS COUNTY ARH HOSPITAL,HINTON,WV,123.0
511311,HAMPSHIRE MEMORIAL HOSPITAL,ROMNEY,WV,102.0
511312,PRESTON MEMORIAL HOSPITAL,KINGWOOD,WV,118.0
511313,BOONE MEMORIAL HOSPITAL,MADISON,WV,111.0
511314,POCAHONTAS MEMORIAL HOSPITAL,BUCKEYE,WV,98.0
511315,POTOMAC VALLEY HOSPITAL,KEYSER,WV,117.0
511316,GRANT MEMORIAL HOSPITAL,PETERSBURG,WV,103.0
511317,"CAMC PLATEAU MEDICAL CENTER, INC",OAK HILL,WV,180.0
511319,JEFFERSON MEDICAL CENTER,RANSON,WV,148.0
511320,JACKSON GENERAL HOSPITAL,RIPLEY,WV,131.0
511321,"ST JOSEPH'S HOSPITAL OF BUCKHANNON, INC",BUCKHANNON,WV,134.0
511322,SUMMERSVILLE REGIONAL MEDICAL CENTER,SUMMERSVILLE,WV,137.0
520002,"ASPIRUS STEVENS POINT HOSPITAL & CLINICS, INC.",STEVENS POINT,WI,143.0
520004,MAYO CLINIC HEALTH SYSTEM-FRANCISCAN MEDICAL CENTER INC,LA CROSSE,WI,122.0
520008,WAUKESHA MEMORIAL HOSPITAL,WAUKESHA,WI,142.0
520009,ASCENSION NE WISCONSIN - ST ELIZABETH CAMPUS,APPLETON,WI,151.0
520011,MARSHFIELD MEDICAL CENTER - RICE LAKE,RICE LAKE,WI,169.0
520019,ASPIRUS RHINELANDER HOSPITAL,RHINELANDER,WI,157.0
520021,FROEDTERT SOUTH INC.,KENOSHA,WI,146.0
520028,THE MONROE CLINIC,MONROE,WI,146.0
520030,ASPIRUS WAUSAU HOSPITAL,WAUSAU,WI,161.0
520033,ASPIRUS RIVERVIEW HOSPITAL & CLINICS INC,WISCONSIN RAPIDS,WI,164.0
520034,AURORA MEDICAL CTR MANITOWOC COUNTY,TWO RIVERS,WI,116.0
520035,AURORA MEDICAL CENTER SHEBOYGAN COUNTY,SHEBOYGAN,WI,170.0
520037,MARSHFIELD MEDICAL CENTER,MARSHFIELD,WI,174.0
520038,AURORA MEDICAL CTR WASHINGTON COUNTY,HARTFORD,WI,127.0
520041,ASPIRUS DIVINE SAVIOR HOSPITAL,PORTAGE,WI,154.0
520044,ST NICHOLAS HOSPITAL,SHEBOYGAN,WI,122.0
520045,THEDACARE REGIONAL MED CTR - NEENAH,NEENAH,WI,142.0
520049,BELLIN MEMORIAL HOSPITAL,GREEN BAY,WI,154.0
520051,ASCENSION COLUMBIA ST MARYS HOSPITAL MILWAUKEE,MILWAUKEE,WI,163.0
520057,SSM HEALTH ST CLARE HOSPITAL - BARABOO,BARABOO,WI,112.0
520059,AURORA MEMORIAL HOSPITAL BURLINGTON,BURLINGTON,WI,186.0
520062,OCONOMOWOC MEMORIAL HOSPITAL,OCONOMOWOC,WI,138.0
520063,ST JOSEPHS COMMUNITY HOSPITAL WEST BEND,WEST BEND,WI,200.0
520066,MERCY HEALTH SYSTEM CORP,JANESVILLE,WI,162.0
520070,MAYO CLINIC HEALTH SYSTEM EAU CLAIRE HOSPITAL,EAU CLAIRE,WI,171.0
520071,FORT MEMORIAL HOSPITAL,FORT ATKINSON,WI,162.0
520075,ST VINCENT HOSPITAL,GREEN BAY,WI,120.0
520076,MARSHFIELD MEDICAL CENTER - BEAVER DAM (MMC-BD),BEAVER DAM,WI,181.0
520078,ASCENSION ST FRANCIS HOSPITAL,MILWAUKEE,WI,140.0
520083,SSM HEALTH ST MARY'S HOSPITAL - MADISON,MADISON,WI,194.0
520087,GUNDERSEN LUTHERAN MEDICAL CENTER,LA CROSSE,WI,167.0
520088,SSM HEALTH ST AGNES HOSPITAL-FOND DU LAC,FOND DU LAC,WI,166.0
520089,UNITYPOINT HEALTH - MERITER,MADISON,WI,146.0
520091,HOWARD YOUNG MEDICAL CENTER,WOODRUFF,WI,163.0
520095,SAUK PRAIRIE HOSPITAL,PRAIRIE DU SAC,WI,154.0
520096,ASCENSION ALL SAINTS HOSPITAL,RACINE,WI,145.0
520097,ST MARYS HOSPITAL MEDICAL CTR,GREEN BAY,WI,102.0
520098,UNIVERSITY OF WI  HOSPITALS & CLINICS AUTHORITY,MADISON,WI,217.0
520100,BELOIT HEALTH SYSTEM,BELOIT,WI,129.0
520102,AURORA LAKELAND MEDICAL CENTER,ELKHORN,WI,145.0
520103,COMMUNITY MEMORIAL HOSPITAL,MENOMONEE FALLS,WI,213.0
520107,HOLY FAMILY MEMORIAL,MANITOWOC,WI,145.0
520109,MILE BLUFF MEDICAL CENTER,MAUSTON,WI,113.0
520113,AURORA MEDICAL CENTER BAY AREA,MARINETTE,WI,135.0
520116,WATERTOWN MEMORIAL HOSPITAL,WATERTOWN,WI,106.0
520136,ASCENSION SE WISCONSIN HOSPITAL,MILWAUKEE,WI,122.0
520138,AURORA ST LUKES MEDICAL CENTER,MILWAUKEE,WI,180.0
520139,WEST ALLIS MEMORIAL HOSPITAL,WEST ALLIS,WI,186.0
520160,THEDACARE REGIONAL MEDICAL CENTER - APPLETON INC,APPLETON,WI,153.0
520177,FROEDTERT MEMORIAL LUTHERAN HOSPITAL,MILWAUKEE,WI,268.0
520189,AURORA MEDICAL CENTER KENOSHA,KENOSHA,WI,184.0
520193,AURORA BAYCARE MEDICAL CTR,GREEN BAY,WI,129.0
520198,AURORA MEDICAL CTR OSHKOSH,OSHKOSH,WI,126.0
520202,MARSHFIELD MEDICAL CENTER - WESTON,WESTON,WI,136.0
520206,AURORA MEDICAL CENTER - SUMMIT,SUMMIT,WI,150.0
520207,AURORA MEDICAL CENTER,GRAFTON,WI,191.0
520208,SSM HEALTH ST MARY'S HOSPITAL - JANESVILLE,JANESVILLE,WI,140.0
520210,MARSHFIELD MEDICAL CENTER - EAU CLAIRE,EAU CLAIRE,WI,217.0
520212,MARSHFIELD MEDICAL CENTER - MINOCQUA,MINOCQUA,WI,170.0
520213,FROEDTERT COMMUNITY HOSPITAL,NEW BERLIN,WI,123.0
520214,ASCENSION WISCONSIN HOSP MENOMONEE FALLS CAMPUS,MENOMONEE FALLS,WI,77.0
520215,MARSHFIELD MEDICAL CENTER - RIVER REGION,STEVENS POINT,WI,138.0
521300,ASPIRUS EAGLE RIVER HOSPITAL,EAGLE RIVER,WI,94.0
521302,MAYO CLINIC HEALTH SYSTEM OAKRIDGE,OSSEO,WI,126.0
521303,THEDACARE MEDICAL CENTER - WILD ROSE,WILD ROSE,WI,122.0
521304,GUNDERSEN ST JOSEPHS HOSPITAL AND CLINICS,HILLSBORO,WI,120.0
521305,MAYO CLINIC HLTH SYSTM FRANCISCAN HLTHCARE SPARTA,SPARTA,WI,76.0
521307,CHIPPEWA VALLEY HOSPITAL,DURAND,WI,74.0
521308,AMERY HOSPITAL & CLINIC,AMERY,WI,116.0
521309,GUNDERSEN MOUNDVIEW HOSPITAL AND CLINICS,FRIENDSHIP,WI,68.0
521310,HSHS ST CLARE MEMORIAL HOSPITAL,OCONTO FALLS,WI,93.0
521311,ASPIRUS STANLEY HOSPITAL,STANLEY,WI,146.0
521312,MEMORIAL HOSPITAL OF LAFAYETTE COUNTY,DARLINGTON,WI,96.0
521313,ASPIRUS TOMAHAWK HOSPITAL,TOMAHAWK,WI,118.0
521314,MAYO CLINIC HEALTH SYSTEM CHIPPEWA VALLEY,BLOOMER,WI,146.0
521315,MAYO CLINIC HEALTH SYSTEM-NORTHLAND,BARRON,WI,104.0
521316,GUNDERSEN TRI-COUNTY HOSPITAL & CLINICS,WHITEHALL,WI,122.0
521317,ASCENSION CALUMET HOSPITAL,CHILTON,WI,82.0
521319,EDGERTON HOSPITAL AND HEALTH SERVICES,EDGERTON,WI,65.0
521320,TOMAH MEMORIAL HOSPITAL,TOMAH,WI,103.0
521321,RIPON MEDICAL CENTER,RIPON,WI,143.0
521322,GRANT REGIONAL HEALTH CENTER,LANCASTER,WI,150.0
521323,MARSHFIELD MEDICAL CENTER - NEILLSVILLE,NEILLSVILLE,WI,113.0
521324,"ASPIRUS MEDFORD HOSPITAL & CLINICS, INC",MEDFORD,WI,146.0
521325,FLAMBEAU HOSPITAL,PARK FALLS,WI,112.0
521326,THEDACARE MEDICAL CENTER - NEW LONDON,NEW LONDON,WI,83.0
521327,WAUPUN MEMORIAL HOSPITAL,WAUPUN,WI,145.0
521328,MARSHFIELD MEDICAL CENTER - LADYSMITH,LADYSMITH,WI,89.0
521329,ST MARYS HOSPITAL SUPERIOR,SUPERIOR,WI,116.0
521330,CROSSING RIVERS HEALTH MEDICAL CENTER,PRAIRIE DU CHIEN,WI,154.0
521332,SPOONER HEALTH SYSTEM,SPOONER,WI,107.0
521333,BLACK RIVER MEMORIAL HOSPITAL,BLACK RIVER FALLS,WI,97.0
521334,THEDACARE MEDICAL CENTER-WAUPACA,WAUPACA,WI,117.0
521335,HUDSON HOSPITAL,HUDSON,WI,118.0
521336,TAMARACK HEALTH HAYWARD MEDICAL CENTER,HAYWARD,WI,144.0
521337,ST CROIX REGIONAL MEDICAL CENTER,SAINT CROIX FALLS,WI,138.0
521338,COLUMBUS COMMUNITY HOSPITAL,COLUMBUS,WI,139.0
521339,ASPIRUS MERRILL HOSPITAL,MERRILL,WI,128.0
521340,MAYO CLINIC HEALTH SYSTEM-RED CEDAR INC,MENOMONIE,WI,131.0
521341,RICHLAND HOSPITAL,RICHLAND CENTER,WI,91.0
521342,INDIANHEAD MEDICAL CTR,SHELL LAKE,WI,102.0
521343,STOUGHTON HOSPITAL,STOUGHTON,WI,149.0
521344,GUNDERSEN BOSCOBEL AREA HOSPITAL AND CLINICS,BOSCOBEL,WI,126.0
521345,WESTFIELDS HOSPITAL AND CLINIC,NEW RICHMOND,WI,107.0
521346,THEDACARE MEDICAL CENTER - SHAWANO,SHAWANO,WI,112.0
521347,WESTERN WISCONSIN HEALTH,BALDWIN,WI,110.0
521348,VERNON MEMORIAL HOSPITAL,VIROQUA,WI,138.0
521349,RIVER FALLS AREA HOSPITAL,RIVER FALLS,WI,96.0
521350,LANGLADE HOSPITAL,ANTIGO,WI,134.0
521351,REEDSBURG AREA MEDICAL CENTER,REEDSBURG,WI,130.0
521352,UPLAND HILLS HEALTH,DODGEVILLE,WI,112.0
521353,CUMBERLAND MEMORIAL HOSPITAL,CUMBERLAND,WI,134.0
521354,SOUTHWEST HEALTH CENTER,PLATTEVILLE,WI,107.0
521355,THEDACARE MEDICAL CENTER - BERLIN INC,BERLIN,WI,110.0
521356,BELLIN HEALTH OCONTO HOSPITAL,OCONTO,WI,90.0
521357,MERCY WALWORTH HOSPITAL & MEDICAL CENTER,LAKE GENEVA,WI,124.0
521358,DOOR COUNTY MEDICAL CENTER,STURGEON BAY,WI,145.0
521359,TAMARACK HEALTH ASHLAND MEDICAL CENTER,ASHLAND,WI,123.0
530002,CAMPBELL COUNTY HEALTH,GILLETTE,WY,181.0
530006,SHERIDAN MEMORIAL HOSPITAL,SHERIDAN,WY,113.0
530008,SAGEWEST HEALTH CARE,RIVERTON,WY,142.0
530012,BANNER WYOMING MEDICAL CENTER,CASPER,WY,189.0
530014,CHEYENNE REGIONAL MEDICAL CENTER,CHEYENNE,WY,187.0
530015,ST JOHNS MEDICAL CENTER,JACKSON,WY,112.0
530025,IVINSON MEMORIAL HOSPITAL,LARAMIE,WY,140.0
531301,SOUTH BIG HORN COUNTY HOSPITAL,BASIN,WY,96.0
531302,MEMORIAL HOSPITAL OF CONVERSE COUNTY,DOUGLAS,WY,118.0
531304,HOT SPRINGS COUNTY MEMORIAL HOSPITAL,THERMOPOLIS,WY,153.0
531305,PLATTE COUNTY HOSPITAL,WHEATLAND,WY,119.0
531306,WASHAKIE MEDICAL CENTER,WORLAND,WY,118.0
531307,COMMUNITY HOSPITAL,TORRINGTON,WY,127.0
531309,NORTH BIG HORN HOSPITAL DISTRICT,LOVELL,WY,72.0
531310,POWELL VALLEY HOSPITAL,POWELL,WY,91.0
531311,CROOK COUNTY HOSPITAL,SUNDANCE,WY,123.0
531312,CODY REGIONAL HEALTH,CODY,WY,133.0
531313,STAR VALLEY MEDICAL CENTER,AFTON,WY,124.0
531316,MEMORIAL HOSPITAL OF CARBON COUNTY,RAWLINS,WY,103.0
531318,MEMORIAL HOSPITAL SWEETWATER COUNTY,ROCK SPRINGS,WY,159.0
531319,EVANSTON REGIONAL HOSPITAL,EVANSTON,WY,115.0
650001,GUAM MEMORIAL  HOSPITAL AUTHORITY,TAMUNING,GU,146.0
670008,MEMORIAL HERMANN HOUSTON PHYSICIANS HOSPITAL,WEBSTER,TX,148.0
670023,METHODIST MANSFIELD MEDICAL CENTER,MANSFIELD,TX,208.0
670025,BAYLOR SCOTT & WHITE THE HEART HOSPITAL PLANO,PLANO,TX,156.0
670031,ST LUKE'S PATIENTS MEDICAL CENTER,PASADENA,TX,147.0
670034,BAYLOR SCOTT & WHITE MEDICAL CENTER - ROUND ROCK,ROUND ROCK,TX,196.0
670041,ASCENSION SETON WILLIAMSON,ROUND ROCK,TX,178.0
670043,CEDAR PARK REGIONAL MEDICAL CENTER,CEDAR PARK,TX,142.0
670044,TEXAS HEALTH PRESBYTERIAN HOSPITAL ROCKWALL,ROCKWALL,TX,181.0
670047,THE HOSPITALS OF PROVIDENCE - EAST CAMPUS,EL PASO,TX,156.0
670049,NORTH CENTRAL SURGICAL CENTER LLP,DALLAS,TX,103.0
670053,ST LUKE'S SUGAR LAND HOSPITAL,SUGAR LAND,TX,176.0
670055,METHODIST HOSPITAL  STONE OAK,SAN ANTONIO,TX,182.0
670056,ASCENSION  SETON HAYS,KYLE,TX,163.0
670059,CHI ST LUKES LAKESIDE HOSPITAL,THE WOODLANDS,TX,126.0
670060,BAYLOR SCOTT AND WHITE MEDICAL CENTER SUNNYVALE,SUNNYVALE,TX,222.0
670062,BAYLOR EMERGENCY MEDICAL CENTER AT AUBREY,AUBREY,TX,93.0
670067,BAYLOR SCOTT AND WHITE ORTHOPEDIC AND SPINE HOSPI,ARLINGTON,TX,108.0
670068,TEXAS HEALTH PRESBYTERIAN HOSPITAL FLOWER MOUND,FLOWER MOUND,TX,160.0
670069,METHODIST MCKINNEY HOSPITAL,MCKINNEY,TX,92.0
670073,METHODIST HOSPITAL FOR SURGERY,ADDISON,TX,120.0
670075,ST LUKE'S HOSPITAL AT THE VINTAGE,HOUSTON,TX,210.0
670076,BAYLOR SCOTT AND WHITE SURGICAL HOSPITAL AT SHERMA,SHERMAN,TX,122.0
670077,HOUSTON METHODIST WEST HOSPITAL,HOUSTON,TX,195.0
670078,BAPTIST NEIGHBORHOOD HOSPITAL THOUSAND OAKS,SAN ANTONIO,TX,117.0
670080,SETON MEDICAL CENTER HARKER HEIGHTS,HARKER HEIGHTS,TX,186.0
670082,BAYLOR SCOTT AND WHITE  MEDICAL CENTER  MCKINNEY,MC KINNEY,TX,228.0
670085,TEXAS HEALTH HARRIS METHODIST HOSPITAL ALLIANCE,FORT WORTH,TX,181.0
670088,BAYLOR SCOTT & WHITE MEDICAL CENTER- COLLEGE STATI,COLLEGE STATION,TX,204.0
670090,CRESCENT MEDICAL CENTER LANCASTER,LANCASTER,TX,162.0
670098,RESOLUTE HEALTH HOSPITAL,NEW BRAUNFELS,TX,146.0
670103,MEDICAL CITY ALLIANCE,FORT WORTH,TX,109.0
670106,HCA HOUSTON HEALTHCARE PEARLAND,PEARLAND,TX,119.0
670107,BAYLOR SCOTT AND WHITE EMERGENCY HOSPITAL,BURLESON,TX,98.0
670108,BAYLOR SCOTT & WHITE MEDICAL CENTER - MARBLE FALLS,MARBLE FALLS,TX,160.0
670109,ALTUS BAYTOWN HOSPITAL,BAYTOWN,TX,102.0
670115,CLEVELAND EMERGENCY HOSPITAL,HUMBLE,TX,133.0
670120,THE HOSPITALS OF PROVIDENCE TRANSMOUNTAIN CAMPUS,EL PASO,TX,178.0
670122,HOUSTON METHODIST THE WOODLANDS HOSPITAL,THE WOODLANDS,TX,220.0
670124,THE HOSPITALS OF PROVIDENCE HORIZON CITY CAMPUS,HORIZON CITY,TX,85.0
670128,BAYLOR SCOTT & WHITE MEDICAL CENTER PFLUGERVILLE,PFLUGERVILLE,TX,132.0
670131,BAYLOR SCOTT & WHITE MEDICAL CENTER - BUDA,BUDA,TX,110.0
670132,METHODIST SOUTHLAKE MEDICAL CENTER,SOUTHLAKE,TX,136.0
670136,BAYLOR SCOTT & WHITE MEDICAL CENTER- AUSTIN,AUSTIN,TX,113.0
670260,TEXAS HEALTH HOSPITAL FRISCO,FRISCO,TX,157.0
670267,THE WOODLANDS SPECIALTY HOSPITAL,SPRING,TX,158.0
670285,ELITE HOSPITAL KINGWOOD,KINGWOOD,TX,116.0
670300,METHODIST MIDLOTHIAN MEDICAL CENTER,MIDLOTHIAN,TX,164.0
670309,TEXAS HEALTH HOSPITAL MANSFIELD,MANSFIELD,TX,152.0
670314,ST MICHAELS MEDICAL HOSPITAL LLC,SUGAR LAND,TX,104.0
670320,EAST HOUSTON MEDICAL CENTER,HOUSTON,TX,124.0
670326,BRUSHY CREEK FAMILY HOSPITAL LLC,ROUND ROCK,TX,112.0
670331,MID COAST MEDICAL CENTER-TRINITY,TRINITY,TX,118.0
670333,WESTOVER HILLS BAPTIST HOSPITAL,SAN ANTONIO,TX,215.0
671300,GRAHAM REGIONAL MEDICAL CENTER,GRAHAM,TX,135.0
671301,HEMPHILL COUNTY HOSPITAL,CANADIAN,TX,123.0
671302,STEPHENS MEMORIAL HOSPITAL,BRECKENRIDGE,TX,101.0
